facility_id,timestamp,emission,power_in_MW,name,network_region,units,latitude,longitude,fuel_source,value_price_in_$/MWh,value_demand_in_MW
ADP,2025-10-01T00:00:00+10:00,0,0.004,Adelaide Desalination,SA,"[{'code': 'ADPBA1G', 'code_display': '0ADPBA1G', 'fueltech_id': 'battery_discharging', 'status_id': 'operating', 'capacity_registered': 7.76, 'capacity_maximum': 6.15, 'capacity_storage': 12.6, 'data_first_seen': '2021-04-20T00:05:00+10:00', 'data_last_seen': '2026-09-06T00:00:00+10:00', 'dispatch_type': 'GENERATOR', 'commencement_date': '2021-05-17T14:00:00+10:00', 'commencement_date_specificity': 'day', 'closure_date_specificity': 'day', 'expected_closure_date': '2040-12-31T14:00:00+10:00', 'expected_closure_date_specificity': 'year', 'max_generation': 6.645, 'max_generation_interval': '2024-11-28T15:30:00', 'created_at': '2023-10-18T04:34:30Z', 'updated_at': '2026-06-29T06:01:59Z'}, {'code': 'ADPBA1L', 'code_display': '0ADPBA1L', 'fueltech_id': 'battery_charging', 'status_id': 'operating', 'capacity_registered': 7.76, 'capacity_maximum': 6.15, 'capacity_storage': 12.6, 'data_first_seen': '2021-04-20T00:05:00+10:00', 'data_last_seen': '2026-09-05T23:40:00+10:00', 'dispatch_type': 'LOAD', 'commencement_date': '2021-05-17T14:00:00+10:00', 'commencement_date_specificity': 'day', 'closure_date_specificity': 'day', 'expected_closure_date': '2040-12-31T14:00:00+10:00', 'expected_closure_date_specificity': 'year', 'max_generation': 7.0, 'max_generation_interval': '2024-12-08T08:15:00', 'created_at': '2023-10-18T04:34:30Z', 'updated_at': '2026-06-29T06:02:05Z'}, {'code': 'ADPBA1', 'code_display': 'ADPBA1', 'fueltech_id': 'battery', 'status_id': 'operating', 'capacity_registered': 7.76, 'capacity_maximum': 6.15, 'capacity_storage': 12.6, 'data_first_seen': '2024-09-06T00:05:00+10:00', 'data_last_seen': '2026-09-06T00:00:00+10:00', 'dispatch_type': 'BIDIRECTIONAL', 'commencement_date': '2021-05-17T14:00:00+10:00', 'commencement_date_specificity': 'day', 'expected_closure_date': '2040-12-31T14:00:00+10:00', 'expected_closure_date_specificity': 'year', 'max_generation': 6.645, 'max_generation_interval': '2024-11-28T15:30:00', 'created_at': '2024-10-13T04:24:08Z', 'updated_at': '2026-07-13T05:25:28Z'}, {'code': 'ADPPV1', 'code_display': 'ADPPV1', 'fueltech_id': 'solar_utility', 'status_id': 'operating', 'capacity_registered': 24.75, 'capacity_maximum': 19.0, 'data_first_seen': '2021-04-20T00:05:00+10:00', 'data_last_seen': '2026-09-06T00:00:00+10:00', 'dispatch_type': 'GENERATOR', 'commencement_date': '2021-05-17T14:00:00+10:00', 'commencement_date_specificity': 'day', 'expected_closure_date': '2040-12-31T14:00:00+10:00', 'expected_closure_date_specificity': 'year', 'max_generation': 20.433, 'max_generation_interval': '2024-11-06T11:25:00', 'created_at': '2023-10-18T04:34:30Z', 'updated_at': '2026-01-20T00:29:00Z'}, {'code': 'ADPPV2', 'code_display': 'ADPPV2', 'fueltech_id': 'solar_utility', 'status_id': 'operating', 'capacity_registered': 0.2, 'capacity_maximum': 0.2, 'dispatch_type': 'GENERATOR', 'commencement_date': '2021-12-31T14:00:00Z', 'commencement_date_specificity': 'year', 'expected_closure_date': '2040-12-31T14:00:00Z', 'expected_closure_date_specificity': 'year', 'created_at': '2023-10-18T04:34:30Z', 'updated_at': '2026-01-20T00:28:36Z'}, {'code': 'ADPPV3', 'code_display': 'ADPPV3', 'fueltech_id': 'solar_utility', 'status_id': 'operating', 'capacity_registered': 0.02, 'capacity_maximum': 0.02, 'dispatch_type': 'GENERATOR', 'commencement_date': '2021-12-31T14:00:00Z', 'commencement_date_specificity': 'year', 'expected_closure_date': '2049-12-31T14:00:00Z', 'expected_closure_date_specificity': 'year', 'created_at': '2023-10-18T04:34:30Z', 'updated_at': '2026-01-20T00:28:46Z'}, {'code': 'ADPMH1', 'code_display': 'ADPMH1', 'fueltech_id': 'hydro', 'status_id': 'operating', 'capacity_registered': 1.44, 'capacity_maximum': 1.0, 'dispatch_type': 'GENERATOR', 'commencement_date': '2021-12-31T14:00:00Z', 'commencement_date_specificity': 'year', 'expected_closure_date': '2049-12-31T14:00:00Z', 'expected_closure_date_specificity': 'year', 'created_at': '2026-01-20T00:30:20Z', 'updated_at': '2026-01-20T00:32:52Z'}]",-35.096948,138.484061,battery_discharging,8.11,1564.92
ARWF,2025-10-01T00:00:00+10:00,0,35.4,Ararat,VIC,"[{'code': 'ARWF1', 'code_display': 'ARWF1', 'fueltech_id': 'wind', 'status_id': 'operating', 'capacity_registered': 241.59, 'capacity_maximum': 241.0, 'data_first_seen': '2016-06-23T00:05:00+10:00', 'data_last_seen': '2026-09-06T00:00:00+10:00', 'dispatch_type': 'GENERATOR', 'commencement_date': '2016-08-18T14:00:00+10:00', 'commencement_date_specificity': 'day', 'expected_closure_date': '2046-12-31T14:00:00+10:00', 'expected_closure_date_specificity': 'year', 'max_generation': 237.0, 'max_generation_interval': '2018-08-05T15:15:00', 'created_at': '2023-10-18T04:34:32Z', 'updated_at': '2026-06-29T04:35:00Z'}]",-37.238714,143.079243,wind,8.95,4893.49
B2PS,2025-10-01T00:00:00+10:00,0.004,0.081,Braemar 2,QLD,"[{'code': 'BRAEMAR6', 'code_display': 'BRAEMAR6', 'fueltech_id': 'gas_ocgt', 'status_id': 'operating', 'capacity_registered': 173.0, 'capacity_maximum': 173.0, 'emissions_factor_co2': 0.5806, 'data_first_seen': '2009-03-27T01:05:00+10:00', 'data_last_seen': '2026-09-06T00:00:00+10:00', 'dispatch_type': 'GENERATOR', 'commencement_date': '2009-04-07T14:00:00+10:00', 'commencement_date_specificity': 'day', 'expected_closure_date': '2048-12-31T14:00:00+10:00', 'expected_closure_date_specificity': 'year', 'max_generation': 174.1578, 'max_generation_interval': '2019-06-03T17:45:00', 'created_at': '2023-10-18T04:34:32Z', 'updated_at': '2026-06-29T04:55:40Z'}, {'code': 'BRAEMAR5', 'code_display': 'BRAEMAR5', 'fueltech_id': 'gas_ocgt', 'status_id': 'operating', 'capacity_registered': 173.0, 'capacity_maximum': 173.0, 'emissions_factor_co2': 0.5806, 'data_first_seen': '2009-03-27T01:05:00+10:00', 'data_last_seen': '2026-09-06T00:00:00+10:00', 'dispatch_type': 'GENERATOR', 'commencement_date': '2009-03-27T14:00:00+10:00', 'commencement_date_specificity': 'day', 'expected_closure_date': '2048-12-31T14:00:00+10:00', 'expected_closure_date_specificity': 'year', 'max_generation': 174.2787, 'max_generation_interval': '2021-05-25T16:35:00', 'created_at': '2023-10-18T04:34:32Z', 'updated_at': '2026-06-29T04:55:02Z'}, {'code': 'BRAEMAR7', 'code_display': 'BRAEMAR7', 'fueltech_id': 'gas_ocgt', 'status_id': 'operating', 'capacity_registered': 173.0, 'capacity_maximum': 173.0, 'emissions_factor_co2': 0.5806, 'data_first_seen': '2009-03-27T01:05:00+10:00', 'data_last_seen': '2026-09-06T00:00:00+10:00', 'dispatch_type': 'GENERATOR', 'commencement_date': '2009-04-24T14:00:00+10:00', 'commencement_date_specificity': 'day', 'expected_closure_date': '2048-12-31T14:00:00+10:00', 'expected_closure_date_specificity': 'year', 'max_generation': 174.7016, 'max_generation_interval': '2022-08-06T18:10:00', 'created_at': '2023-10-18T04:34:32Z', 'updated_at': '2026-06-29T04:55:28Z'}]",-27.112874,150.905442,gas_ocgt,54.82,5989.24
BANGOWF,2025-10-01T00:00:00+10:00,0,97.699,Bango,NSW,"[{'code': 'BANGOWF2', 'code_display': 'BANGOWF2', 'fueltech_id': 'wind', 'status_id': 'operating', 'capacity_registered': 84.8, 'capacity_maximum': 82.0, 'data_first_seen': '2021-05-25T00:05:00+10:00', 'data_last_seen': '2026-09-06T00:00:00+10:00', 'dispatch_type': 'GENERATOR', 'commencement_date': '2021-06-10T14:00:00+10:00', 'commencement_date_specificity': 'day', 'expected_closure_date': '2044-12-31T14:00:00+10:00', 'expected_closure_date_specificity': 'year', 'max_generation': 83.9987, 'max_generation_interval': '2024-09-02T07:15:00', 'created_at': '2023-10-18T04:34:33Z', 'updated_at': '2026-06-29T05:38:13Z'}, {'code': 'BANGOWF1', 'code_display': 'BANGOWF1', 'fueltech_id': 'wind', 'status_id': 'operating', 'capacity_registered': 159.0, 'capacity_maximum': 155.0, 'data_first_seen': '2020-12-15T00:05:00+10:00', 'data_last_seen': '2026-09-06T00:00:00+10:00', 'dispatch_type': 'GENERATOR', 'commencement_date': '2021-01-13T14:00:00+10:00', 'commencement_date_specificity': 'day', 'expected_closure_date': '2044-12-31T14:00:00+10:00', 'expected_closure_date_specificity': 'year', 'max_generation': 156.7968, 'max_generation_interval': '2025-08-21T00:55:00', 'created_at': '2023-10-18T04:34:33Z', 'updated_at': '2026-06-29T05:37:44Z'}]",-34.767208,148.921499,wind,56.98,7105.57
BARCSF,2025-10-01T00:00:00+10:00,0,0.1,Barcaldine,QLD,"[{'code': 'BARCSF1', 'code_display': 'BARCSF1', 'fueltech_id': 'solar_utility', 'status_id': 'operating', 'capacity_registered': 20.0, 'capacity_maximum': 20.0, 'data_first_seen': '2016-12-21T14:55:00+10:00', 'data_last_seen': '2026-09-06T00:00:00+10:00', 'dispatch_type': 'GENERATOR', 'commencement_date': '2016-12-21T14:00:00+10:00', 'commencement_date_specificity': 'day', 'expected_closure_date': '2048-12-31T14:00:00+10:00', 'expected_closure_date_specificity': 'year', 'max_generation': 20.5, 'max_generation_interval': '2018-03-23T09:05:00', 'created_at': '2023-10-18T04:34:33Z', 'updated_at': '2026-06-29T05:27:31Z'}]",-23.547776,145.318817,solar_utility,54.82,5989.24
BASTYAN,2025-10-01T00:00:00+10:00,0,57.1,Bastyan,TAS,"[{'code': 'BASTYAN', 'code_display': 'BASTYAN', 'fueltech_id': 'hydro', 'status_id': 'operating', 'capacity_registered': 79.9, 'capacity_maximum': 88.0, 'data_first_seen': '2005-05-16T13:35:00+10:00', 'data_last_seen': '2026-09-06T00:00:00+10:00', 'dispatch_type': 'GENERATOR', 'commencement_date': '1982-12-31T14:00:00+10:00', 'commencement_date_specificity': 'year', 'expected_closure_date': '2099-12-31T14:00:00+10:00', 'expected_closure_date_specificity': 'year', 'max_generation': 83.21, 'max_generation_interval': '2018-05-04T09:00:00', 'created_at': '2023-10-18T04:34:35Z', 'updated_at': '2026-06-29T05:29:24Z'}]",-41.736045,145.532064,hydro,0.12,898.71
BAYSW,2025-10-01T00:00:00+10:00,41.914,558.395,Bayswater,NSW,"[{'code': 'BW01', 'code_display': 'BW01', 'fueltech_id': 'coal_black', 'status_id': 'operating', 'capacity_registered': 660.0, 'capacity_maximum': 660.0, 'emissions_factor_co2': 0.87, 'data_first_seen': '1998-12-07T02:40:00+10:00', 'data_last_seen': '2026-09-06T00:00:00+10:00', 'dispatch_type': 'GENERATOR', 'commencement_date': '1984-12-31T14:00:00+10:00', 'commencement_date_specificity': 'year', 'expected_closure_date': '2032-12-31T14:00:00+10:00', 'expected_closure_date_specificity': 'year', 'max_generation': 1498.0, 'max_generation_interval': '1999-12-21T10:40:00', 'created_at': '2023-10-18T04:34:35Z', 'updated_at': '2026-06-30T04:40:16Z'}, {'code': 'BW03', 'code_display': 'BW03', 'fueltech_id': 'coal_black', 'status_id': 'operating', 'capacity_registered': 660.0, 'capacity_maximum': 685.0, 'emissions_factor_co2': 0.87, 'data_first_seen': '1998-12-07T02:40:00+10:00', 'data_last_seen': '2026-09-06T00:00:00+10:00', 'dispatch_type': 'GENERATOR', 'commencement_date': '1985-12-31T14:00:00+10:00', 'commencement_date_specificity': 'year', 'expected_closure_date': '2032-12-31T14:00:00+10:00', 'expected_closure_date_specificity': 'year', 'max_generation': 719.6765, 'max_generation_interval': '2026-06-29T08:25:00', 'created_at': '2023-10-18T04:34:35Z', 'updated_at': '2026-06-30T04:40:30Z'}, {'code': 'BW04', 'code_display': 'BW04', 'fueltech_id': 'coal_black', 'status_id': 'operating', 'capacity_registered': 660.0, 'capacity_maximum': 685.0, 'emissions_factor_co2': 0.87, 'data_first_seen': '1998-12-07T02:40:00+10:00', 'data_last_seen': '2026-09-06T00:00:00+10:00', 'dispatch_type': 'GENERATOR', 'commencement_date': '1985-12-31T14:00:00+10:00', 'commencement_date_specificity': 'year', 'expected_closure_date': '2032-12-31T14:00:00+10:00', 'expected_closure_date_specificity': 'year', 'max_generation': 726.01, 'max_generation_interval': '2004-07-23T11:00:00', 'created_at': '2023-10-18T04:34:35Z', 'updated_at': '2026-06-30T04:40:37Z'}, {'code': 'BW02', 'code_display': 'BW02', 'fueltech_id': 'coal_black', 'status_id': 'operating', 'capacity_registered': 660.0, 'capacity_maximum': 685.0, 'emissions_factor_co2': 0.87, 'data_first_seen': '1998-12-07T02:40:00+10:00', 'data_last_seen': '2026-09-06T00:00:00+10:00', 'dispatch_type': 'GENERATOR', 'commencement_date': '1984-12-31T14:00:00+10:00', 'commencement_date_specificity': 'year', 'expected_closure_date': '2032-12-31T14:00:00+10:00', 'expected_closure_date_specificity': 'year', 'max_generation': 748.225, 'max_generation_interval': '2021-08-14T21:45:00', 'created_at': '2023-10-18T04:34:35Z', 'updated_at': '2026-06-30T04:40:22Z'}]",-32.394981,150.94949,coal_black,56.98,7105.57
BBATTERY,2025-10-01T00:00:00+10:00,0,0.015,Bouldercombe,QLD,"[{'code': 'BBATTERY1', 'code_display': 'BBATTERY1', 'fueltech_id': 'battery', 'status_id': 'operating', 'capacity_registered': 67.0, 'capacity_maximum': 50.0, 'capacity_storage': 100.0, 'data_first_seen': '2024-10-04T00:05:00+10:00', 'data_last_seen': '2026-09-06T00:00:00+10:00', 'dispatch_type': 'BIDIRECTIONAL', 'commencement_date': '2023-08-08T14:00:00+10:00', 'commencement_date_specificity': 'day', 'expected_closure_date': '2041-12-31T14:00:00+10:00', 'expected_closure_date_specificity': 'year', 'max_generation': 50.0482, 'max_generation_interval': '2026-01-27T17:20:00', 'created_at': '2024-10-24T05:23:38Z', 'updated_at': '2026-04-01T01:25:55Z'}, {'code': 'BBATTERYG1', 'code_display': '0BBATTERYG1', 'fueltech_id': 'battery_discharging', 'status_id': 'operating', 'capacity_registered': 67.0, 'capacity_maximum': 50.0, 'capacity_storage': 100.0, 'data_first_seen': '2023-07-11T00:05:00+10:00', 'data_last_seen': '2026-09-06T00:00:00+10:00', 'dispatch_type': 'GENERATOR', 'commencement_date': '2023-08-08T14:00:00+10:00', 'commencement_date_specificity': 'day', 'expected_closure_date': '2041-12-31T14:00:00+10:00', 'expected_closure_date_specificity': 'year', 'max_generation': 50.1444, 'max_generation_interval': '2023-09-14T13:40:00', 'created_at': '2023-10-18T04:34:35Z', 'updated_at': '2026-07-28T23:56:39Z'}, {'code': 'BBATTERYL1', 'code_display': '0BBATTERYL1', 'fueltech_id': 'battery_charging', 'status_id': 'operating', 'capacity_registered': 67.0, 'capacity_maximum': 50.0, 'capacity_storage': 100.0, 'data_first_seen': '2023-07-11T00:05:00+10:00', 'data_last_seen': '2026-09-05T22:55:00+10:00', 'dispatch_type': 'LOAD', 'commencement_date': '2023-08-08T14:00:00+10:00', 'commencement_date_specificity': 'day', 'expected_closure_date': '2041-12-31T14:00:00+10:00', 'expected_closure_date_specificity': 'year', 'max_generation': 50.0675, 'max_generation_interval': '2024-07-13T08:05:00', 'created_at': '2023-10-18T04:34:35Z', 'updated_at': '2026-07-28T23:56:24Z'}]",-23.535251,150.489057,battery,54.82,5989.24
BHB,2025-10-01T00:00:00+10:00,0,2.194,Broken Hill Battery,NSW,"[{'code': 'BHB1', 'code_display': 'BHB1', 'fueltech_id': 'battery', 'status_id': 'operating', 'capacity_registered': 66.0, 'capacity_maximum': 50.0, 'capacity_storage': 50.0, 'data_first_seen': '2024-08-08T04:05:00+10:00', 'data_last_seen': '2026-09-06T00:00:00+10:00', 'dispatch_type': 'BIDIRECTIONAL', 'commencement_date': '2023-11-30T14:00:00+10:00', 'commencement_date_specificity': 'day', 'expected_closure_date': '2042-12-31T14:00:00+10:00', 'expected_closure_date_specificity': 'year', 'max_generation': 50.2277, 'max_generation_interval': '2024-08-14T17:45:00', 'created_at': '2024-11-06T23:28:31Z', 'updated_at': '2026-08-10T06:44:17Z'}, {'code': 'BHBG1', 'code_display': '0BHBG1', 'fueltech_id': 'battery_discharging', 'status_id': 'operating', 'capacity_registered': 66.0, 'capacity_maximum': 50.0, 'capacity_storage': 50.0, 'data_first_seen': '2023-11-28T00:05:00+10:00', 'data_last_seen': '2026-09-06T00:00:00+10:00', 'dispatch_type': 'GENERATOR', 'commencement_date': '2023-11-30T14:00:00+10:00', 'commencement_date_specificity': 'day', 'expected_closure_date': '2042-12-31T14:00:00+10:00', 'expected_closure_date_specificity': 'year', 'max_generation': 50.2277, 'max_generation_interval': '2024-08-14T17:45:00', 'created_at': '2024-09-20T01:13:27Z', 'updated_at': '2026-08-10T06:44:02Z'}, {'code': 'BHBL1', 'code_display': '0BHBL1', 'fueltech_id': 'battery_charging', 'status_id': 'operating', 'capacity_registered': 66.0, 'capacity_maximum': 50.0, 'capacity_storage': 50.0, 'data_first_seen': '2023-11-28T00:05:00+10:00', 'data_last_seen': '2026-09-05T22:40:00+10:00', 'dispatch_type': 'LOAD', 'commencement_date': '2023-11-30T14:00:00+10:00', 'commencement_date_specificity': 'day', 'expected_closure_date': '2042-12-31T14:00:00+10:00', 'expected_closure_date_specificity': 'year', 'max_generation': 50.0, 'max_generation_interval': '2024-05-22T11:40:00', 'created_at': '2024-09-20T01:14:54Z', 'updated_at': '2026-08-10T06:44:10Z'}]",-31.986306,141.422951,battery,56.98,7105.57
BHWF,2025-10-01T00:00:00+10:00,0,7.764,Bald Hills,VIC,"[{'code': 'BALDHWF1', 'code_display': 'BALDHWF1', 'fueltech_id': 'wind', 'status_id': 'operating', 'capacity_registered': 106.6, 'capacity_maximum': 106.0, 'data_first_seen': '2015-01-29T00:05:00+10:00', 'data_last_seen': '2026-09-06T00:00:00+10:00', 'dispatch_type': 'GENERATOR', 'commencement_date': '2015-02-23T14:00:00+10:00', 'commencement_date_specificity': 'day', 'expected_closure_date': '2039-12-31T14:00:00+10:00', 'expected_closure_date_specificity': 'year', 'max_generation': 105.928, 'max_generation_interval': '2026-07-13T15:00:00', 'created_at': '2023-10-18T04:34:36Z', 'updated_at': '2026-06-29T06:10:25Z'}]",-38.746897,145.949104,wind,8.95,4893.49
BIALAWF,2025-10-01T00:00:00+10:00,0,69.172,Biala,NSW,"[{'code': 'GULLRWF2', 'code_display': 'GULLRWF2', 'fueltech_id': 'wind', 'status_id': 'operating', 'capacity_registered': 110.0, 'capacity_maximum': 107.0, 'data_first_seen': '2020-05-19T00:05:00+10:00', 'data_last_seen': '2026-09-06T00:00:00+10:00', 'dispatch_type': 'GENERATOR', 'commencement_date': '2020-06-19T14:00:00+10:00', 'commencement_date_specificity': 'day', 'expected_closure_date': '2049-12-31T14:00:00+10:00', 'expected_closure_date_specificity': 'year', 'max_generation': 110.6223, 'max_generation_interval': '2023-10-12T16:05:00', 'created_at': '2023-10-18T04:34:36Z', 'updated_at': '2026-06-29T06:01:07Z'}]",-34.584149,149.347019,wind,56.98,7105.57
BLUEGSF,2025-10-01T00:00:00+10:00,0,0.101,Blue Grass,QLD,"[{'code': 'BLUEGSF1', 'code_display': 'BLUEGSF1', 'fueltech_id': 'solar_utility', 'status_id': 'operating', 'capacity_registered': 183.0, 'capacity_maximum': 148.0, 'data_first_seen': '2022-02-01T00:05:00+10:00', 'data_last_seen': '2026-09-06T00:00:00+10:00', 'dispatch_type': 'GENERATOR', 'commencement_date': '2022-07-31T14:00:00+10:00', 'commencement_date_specificity': 'day', 'expected_closure_date': '2056-12-31T14:00:00+10:00', 'expected_closure_date_specificity': 'year', 'max_generation': 152.2352, 'max_generation_interval': '2024-09-21T08:55:00', 'created_at': '2023-10-18T04:34:36Z', 'updated_at': '2026-06-29T06:32:23Z'}]",-26.682643,150.504537,solar_utility,54.82,5989.24
BLUFF,2025-10-01T00:00:00+10:00,0,46.5,The Bluff,SA,"[{'code': 'BLUFF1', 'code_display': 'BLUFF1', 'fueltech_id': 'wind', 'status_id': 'operating', 'capacity_registered': 52.5, 'capacity_maximum': 53.0, 'data_first_seen': '2011-07-05T00:05:00+08:00', 'data_last_seen': '2026-09-06T00:00:00+08:00', 'dispatch_type': 'GENERATOR', 'commencement_date': '2011-07-05T14:00:00+08:00', 'commencement_date_specificity': 'day', 'expected_closure_date': '2035-12-31T14:00:00+08:00', 'expected_closure_date_specificity': 'year', 'max_generation': 53.3, 'max_generation_interval': '2023-08-04T04:25:00', 'created_at': '2023-10-18T04:34:36Z', 'updated_at': '2026-07-21T06:20:19Z'}]",-33.384301,138.794904,wind,8.11,1564.92
BLYTHB,2025-10-01T00:00:00+10:00,0,0.44,Blyth,SA,"[{'code': 'BLYTHB1', 'code_display': 'BLYTHB1', 'fueltech_id': 'battery', 'status_id': 'operating', 'capacity_registered': 281.0, 'capacity_maximum': 200.0, 'capacity_storage': 400.0, 'data_first_seen': '2024-08-20T00:05:00+10:00', 'data_last_seen': '2026-09-06T00:00:00+10:00', 'dispatch_type': 'BIDIRECTIONAL', 'commencement_date': '2024-08-31T14:00:00+10:00', 'commencement_date_specificity': 'month', 'expected_closure_date': '2043-12-31T14:00:00+10:00', 'expected_closure_date_specificity': 'year', 'max_generation': 201.49, 'max_generation_interval': '2026-02-18T05:10:00', 'created_at': '2024-10-13T04:32:04Z', 'updated_at': '2026-04-02T05:04:49Z'}, {'code': 'BLYTHB1L1', 'code_display': '0BLYTHB1L1', 'fueltech_id': 'battery_charging', 'status_id': 'operating', 'capacity_registered': 281.0, 'capacity_maximum': 200.0, 'capacity_storage': 400.0, 'data_first_seen': '2024-08-20T00:05:00+10:00', 'data_last_seen': '2026-09-05T23:50:00+10:00', 'dispatch_type': 'LOAD', 'commencement_date': '2024-08-31T14:00:00+10:00', 'commencement_date_specificity': 'month', 'expected_closure_date': '2043-12-31T14:00:00+10:00', 'expected_closure_date_specificity': 'year', 'max_generation': 201.64, 'max_generation_interval': '2025-05-24T12:30:00', 'created_at': '2024-11-09T09:44:19Z', 'updated_at': '2026-06-26T00:39:50Z'}, {'code': 'BLYTHB1G1', 'code_display': '0BLYTHB1G1', 'fueltech_id': 'battery_discharging', 'status_id': 'operating', 'capacity_registered': 281.0, 'capacity_maximum': 200.0, 'capacity_storage': 400.0, 'data_first_seen': '2024-08-24T12:55:00+10:00', 'data_last_seen': '2026-09-06T00:00:00+10:00', 'dispatch_type': 'GENERATOR', 'commencement_date': '2024-08-31T14:00:00+10:00', 'commencement_date_specificity': 'month', 'expected_closure_date': '2043-12-31T14:00:00+10:00', 'expected_closure_date_specificity': 'year', 'max_generation': 201.49, 'max_generation_interval': '2026-02-18T05:10:00', 'created_at': '2024-11-09T09:48:05Z', 'updated_at': '2026-06-26T00:39:39Z'}]",-33.848475,138.403204,battery,8.11,1564.92
BOCOROCK,2025-10-01T00:00:00+10:00,0,54.23,Boco Rock,NSW,"[{'code': 'BOCORWF1', 'code_display': 'BOCORWF1', 'fueltech_id': 'wind', 'status_id': 'operating', 'capacity_registered': 113.18, 'capacity_maximum': 111.0, 'data_first_seen': '2014-08-29T00:05:00+10:00', 'data_last_seen': '2026-09-06T00:00:00+10:00', 'dispatch_type': 'GENERATOR', 'commencement_date': '2014-08-28T14:00:00+10:00', 'commencement_date_specificity': 'day', 'expected_closure_date': '2039-12-31T14:00:00+10:00', 'expected_closure_date_specificity': 'year', 'max_generation': 113.0, 'max_generation_interval': '2016-05-11T15:40:00', 'created_at': '2023-10-18T04:34:38Z', 'updated_at': '2026-06-30T00:31:41Z'}]",-36.593627,149.101512,wind,56.98,7105.57
BODWF,2025-10-01T00:00:00+10:00,0,45.192,Bodangora,NSW,"[{'code': 'BODWF1', 'code_display': 'BODWF1', 'fueltech_id': 'wind', 'status_id': 'operating', 'capacity_registered': 113.19, 'capacity_maximum': 111.0, 'data_first_seen': '2018-07-10T00:05:00+10:00', 'data_last_seen': '2026-09-06T00:00:00+10:00', 'dispatch_type': 'GENERATOR', 'commencement_date': '2018-08-07T14:00:00+10:00', 'commencement_date_specificity': 'day', 'expected_closure_date': '2048-12-31T14:00:00+10:00', 'expected_closure_date_specificity': 'year', 'max_generation': 113.4136, 'max_generation_interval': '2020-02-04T22:45:00', 'created_at': '2023-10-18T04:34:38Z', 'updated_at': '2026-06-30T01:03:07Z'}]",-32.414669,149.099633,wind,56.98,7105.57
BRNDBES,2025-10-01T00:00:00+10:00,0,0.137,Brendale,QLD,"[{'code': 'BRNDBESG1', 'code_display': '0BRNDBESG1', 'fueltech_id': 'battery_discharging', 'status_id': 'operating', 'capacity_registered': 215.0, 'capacity_maximum': 205.0, 'capacity_storage': 410.0, 'data_first_seen': '2025-09-02T09:00:00+08:00', 'data_last_seen': '2026-09-06T00:00:00+08:00', 'dispatch_type': 'GENERATOR', 'commencement_date': '2025-09-01T14:00:00+08:00', 'commencement_date_specificity': 'day', 'expected_operation_date': '2024-12-31T14:00:00+08:00', 'expected_operation_date_specificity': 'year', 'expected_closure_date': '2065-12-31T14:00:00+08:00', 'expected_closure_date_specificity': 'year', 'max_generation': 206.7621, 'max_generation_interval': '2026-04-21T16:55:00', 'created_at': '2025-03-14T05:56:16Z', 'updated_at': '2026-06-25T05:41:07Z'}, {'code': 'BRNDBESL1', 'code_display': '0BRNDBESL1', 'fueltech_id': 'battery_charging', 'status_id': 'operating', 'capacity_registered': 215.0, 'capacity_maximum': 205.0, 'capacity_storage': 410.0, 'data_first_seen': '2025-09-02T00:05:00+08:00', 'data_last_seen': '2026-09-05T23:50:00+08:00', 'dispatch_type': 'LOAD', 'commencement_date': '2025-09-01T14:00:00+08:00', 'commencement_date_specificity': 'day', 'expected_operation_date': '2024-12-31T14:00:00+08:00', 'expected_operation_date_specificity': 'year', 'expected_closure_date': '2065-12-31T14:00:00+08:00', 'expected_closure_date_specificity': 'year', 'max_generation': 207.6226, 'max_generation_interval': '2026-06-22T11:05:00', 'created_at': '2025-03-14T05:54:25Z', 'updated_at': '2026-06-25T05:41:17Z'}, {'code': 'BRNDBES1', 'code_display': 'BRNDBES1', 'fueltech_id': 'battery', 'status_id': 'operating', 'capacity_registered': 215.0, 'capacity_maximum': 205.0, 'capacity_storage': 410.0, 'data_first_seen': '2025-09-02T00:05:00+08:00', 'data_last_seen': '2026-09-06T00:00:00+08:00', 'dispatch_type': 'BIDIRECTIONAL', 'commencement_date': '2025-09-01T14:00:00+08:00', 'commencement_date_specificity': 'day', 'expected_operation_date': '2025-12-31T14:00:00+08:00', 'expected_operation_date_specificity': 'year', 'expected_closure_date': '2065-12-31T14:00:00+08:00', 'expected_closure_date_specificity': 'year', 'max_generation': 206.7621, 'max_generation_interval': '2026-04-21T16:55:00', 'created_at': '2025-01-17T03:49:18Z', 'updated_at': '2026-02-17T04:09:02Z'}]",-27.329333,152.974384,battery_discharging,54.82,5989.24
BRYB1WF1,2025-10-01T00:00:00+10:00,0,126.879,Berrybank,VIC,"[{'code': 'BRYB2WF2', 'code_display': 'BRYB2WF2', 'fueltech_id': 'wind', 'status_id': 'operating', 'capacity_registered': 109.0, 'capacity_maximum': 105.0, 'data_first_seen': '2022-11-29T07:20:00+10:00', 'data_last_seen': '2026-09-06T00:00:00+10:00', 'dispatch_type': 'GENERATOR', 'commencement_date': '2022-11-28T14:00:00+10:00', 'commencement_date_specificity': 'day', 'expected_closure_date': '2051-12-31T14:00:00+10:00', 'expected_closure_date_specificity': 'year', 'max_generation': 105.9495, 'max_generation_interval': '2023-08-04T11:10:00', 'created_at': '2023-10-18T04:34:39Z', 'updated_at': '2026-08-10T06:15:54Z'}, {'code': 'BRYB1WF1', 'code_display': 'BRYB1WF1', 'fueltech_id': 'wind', 'status_id': 'operating', 'capacity_registered': 180.6, 'capacity_maximum': 175.9, 'data_first_seen': '2021-02-16T00:05:00+10:00', 'data_last_seen': '2026-09-06T00:00:00+10:00', 'dispatch_type': 'GENERATOR', 'commencement_date': '2021-02-15T14:00:00+10:00', 'commencement_date_specificity': 'day', 'expected_closure_date': '2049-12-31T14:00:00+10:00', 'expected_closure_date_specificity': 'year', 'max_generation': 179.0, 'max_generation_interval': '2023-09-20T06:15:00', 'created_at': '2023-10-18T04:34:39Z', 'updated_at': '2026-08-10T06:15:49Z'}]",-37.885519,143.453446,wind,8.95,4893.49
BULGANA,2025-10-01T00:00:00+10:00,0,0.13,Bulgana Green Power Hub,VIC,"[{'code': 'BULBESG1', 'code_display': '0BULBESG1', 'fueltech_id': 'battery_discharging', 'status_id': 'operating', 'capacity_registered': 24.0, 'capacity_maximum': 20.0, 'capacity_storage': 34.0, 'data_first_seen': '2021-07-01T00:05:00+10:00', 'data_last_seen': '2026-09-06T00:00:00+10:00', 'dispatch_type': 'GENERATOR', 'commencement_date': '2021-06-30T14:00:00+10:00', 'commencement_date_specificity': 'day', 'closure_date_specificity': 'day', 'expected_closure_date': '2048-12-31T14:00:00+10:00', 'expected_closure_date_specificity': 'year', 'max_generation': 22.84, 'max_generation_interval': '2025-10-16T16:50:00', 'created_at': '2023-10-18T04:34:39Z', 'updated_at': '2026-07-13T06:54:44Z'}, {'code': 'BULBES1', 'code_display': 'BULBES1', 'fueltech_id': 'battery', 'status_id': 'operating', 'capacity_registered': 24.0, 'capacity_maximum': 20.0, 'capacity_storage': 34.0, 'data_first_seen': '2024-09-13T00:05:00+10:00', 'data_last_seen': '2026-09-06T00:00:00+10:00', 'dispatch_type': 'BIDIRECTIONAL', 'commencement_date': '2021-06-30T14:00:00+10:00', 'commencement_date_specificity': 'day', 'expected_closure_date': '2048-12-31T14:00:00+10:00', 'expected_closure_date_specificity': 'year', 'max_generation': 22.84, 'max_generation_interval': '2025-10-16T16:50:00', 'created_at': '2024-10-13T04:20:29Z', 'updated_at': '2026-07-13T06:55:19Z'}, {'code': 'BULBESL1', 'code_display': '0BULBESL1', 'fueltech_id': 'battery_charging', 'status_id': 'operating', 'capacity_registered': 24.0, 'capacity_maximum': 20.0, 'capacity_storage': 34.0, 'data_first_seen': '2021-07-01T00:05:00+10:00', 'data_last_seen': '2026-09-05T23:45:00+10:00', 'dispatch_type': 'LOAD', 'commencement_date': '2021-06-30T14:00:00+10:00', 'commencement_date_specificity': 'day', 'closure_date_specificity': 'day', 'expected_closure_date': '2048-12-31T14:00:00+10:00', 'expected_closure_date_specificity': 'year', 'max_generation': 22.72, 'max_generation_interval': '2025-02-19T11:35:00', 'created_at': '2023-10-18T04:34:39Z', 'updated_at': '2026-07-13T06:55:02Z'}, {'code': 'BULGANA1', 'code_display': 'BULGANA1', 'fueltech_id': 'wind', 'status_id': 'operating', 'capacity_registered': 204.0, 'capacity_maximum': 204.0, 'data_first_seen': '2020-05-12T00:05:00+10:00', 'data_last_seen': '2026-09-06T00:00:00+10:00', 'dispatch_type': 'GENERATOR', 'commencement_date': '2020-05-13T14:00:00+10:00', 'commencement_date_specificity': 'day', 'expected_closure_date': '2048-12-31T14:00:00+10:00', 'expected_closure_date_specificity': 'year', 'max_generation': 204.56, 'max_generation_interval': '2022-06-05T04:05:00', 'created_at': '2023-10-18T04:34:39Z', 'updated_at': '2026-06-30T01:06:34Z'}]",-37.038034,142.983474,battery_discharging,8.95,4893.49
BUTLERSG,2025-10-01T00:00:00+10:00,0,6.4,Butlers Gorge,TAS,"[{'code': 'BUTLERSG', 'code_display': 'BUTLERSG', 'fueltech_id': 'hydro', 'status_id': 'operating', 'capacity_registered': 14.4, 'capacity_maximum': 15.0, 'data_first_seen': '2009-07-01T00:05:00+10:00', 'data_last_seen': '2026-09-06T00:00:00+10:00', 'dispatch_type': 'GENERATOR', 'commencement_date': '1950-12-31T14:00:00+10:00', 'commencement_date_specificity': 'year', 'expected_closure_date': '2099-12-31T14:00:00+10:00', 'expected_closure_date_specificity': 'year', 'max_generation': 14.0, 'max_generation_interval': '2019-12-05T10:20:00', 'created_at': '2023-10-18T04:34:39Z', 'updated_at': '2026-07-14T00:31:06Z'}]",-42.266898,146.261823,hydro,0.12,898.71
BWTR1,2025-10-01T00:00:00+10:00,0,25.322,Broadwater,NSW,"[{'code': 'BWTR1', 'code_display': 'BWTR1', 'fueltech_id': 'bioenergy_biomass', 'status_id': 'commissioning', 'capacity_registered': 38.0, 'capacity_maximum': 38.0, 'emissions_factor_co2': 0.0289, 'data_first_seen': '2023-08-01T00:05:00+10:00', 'data_last_seen': '2026-09-06T00:00:00+10:00', 'dispatch_type': 'GENERATOR', 'commencement_date': '2008-01-31T14:00:00+10:00', 'commencement_date_specificity': 'month', 'expected_closure_date': '2037-12-31T14:00:00+10:00', 'expected_closure_date_specificity': 'year', 'max_generation': 28.5228, 'max_generation_interval': '2025-07-11T02:55:00', 'created_at': '2023-10-18T04:34:41Z', 'updated_at': '2026-06-30T01:08:12Z'}]",-29.016483,153.445756,bioenergy_biomass,56.98,7105.57
CALLIDEC1,2025-10-01T00:00:00+10:00,29.464,0,Callide C,QLD,"[{'code': 'CPP_3', 'code_display': 'CPP_3', 'fueltech_id': 'coal_black', 'status_id': 'operating', 'capacity_registered': 466.0, 'capacity_maximum': 466.0, 'emissions_factor_co2': 0.887, 'data_first_seen': '2001-01-18T12:05:00+10:00', 'data_last_seen': '2026-09-06T00:00:00+10:00', 'dispatch_type': 'GENERATOR', 'commencement_date': '2001-02-07T14:00:00+10:00', 'commencement_date_specificity': 'day', 'expected_closure_date': '2037-12-31T14:00:00+10:00', 'expected_closure_date_specificity': 'year', 'max_generation': 504.35, 'max_generation_interval': '2007-01-14T19:45:00', 'created_at': '2023-10-18T04:34:41Z', 'updated_at': '2026-06-30T01:08:36Z'}, {'code': 'CPP_4', 'code_display': 'CPP_4', 'fueltech_id': 'coal_black', 'status_id': 'operating', 'capacity_registered': 420.0, 'capacity_maximum': 466.0, 'emissions_factor_co2': 0.887, 'data_first_seen': '2001-07-24T10:00:00+10:00', 'data_last_seen': '2026-09-06T00:00:00+10:00', 'dispatch_type': 'GENERATOR', 'commencement_date': '2001-08-01T14:00:00+10:00', 'commencement_date_specificity': 'day', 'expected_closure_date': '2037-12-31T14:00:00+10:00', 'expected_closure_date_specificity': 'year', 'max_generation': 482.35, 'max_generation_interval': '2002-11-11T09:25:00', 'created_at': '2023-10-18T04:34:41Z', 'updated_at': '2026-06-30T01:08:48Z'}]",-24.346016,150.61856,coal_black,54.82,5989.24
CALL_B,2025-10-01T00:00:00+10:00,22.142,279.2,Callide B,QLD,"[{'code': 'CALL_B_1', 'code_display': 'CALL_B_1', 'fueltech_id': 'coal_black', 'status_id': 'operating', 'capacity_registered': 350.0, 'capacity_maximum': 385.0, 'emissions_factor_co2': 0.9556, 'data_first_seen': '1998-12-07T02:40:00+10:00', 'data_last_seen': '2026-09-06T00:00:00+10:00', 'dispatch_type': 'GENERATOR', 'commencement_date': '1987-12-31T14:00:00+10:00', 'commencement_date_specificity': 'year', 'expected_closure_date': '2030-12-31T14:00:00+10:00', 'expected_closure_date_specificity': 'year', 'max_generation': 386.0, 'max_generation_interval': '2011-09-01T12:40:00', 'created_at': '2023-10-18T04:34:41Z', 'updated_at': '2026-06-29T05:26:40Z'}, {'code': 'CALL_B_2', 'code_display': 'CALL_B_2', 'fueltech_id': 'coal_black', 'status_id': 'operating', 'capacity_registered': 350.0, 'capacity_maximum': 385.0, 'emissions_factor_co2': 0.9556, 'data_first_seen': '1998-12-07T02:40:00+10:00', 'data_last_seen': '2026-09-06T00:00:00+10:00', 'dispatch_type': 'GENERATOR', 'commencement_date': '1987-12-31T14:00:00+10:00', 'commencement_date_specificity': 'year', 'expected_closure_date': '2030-12-31T14:00:00+10:00', 'expected_closure_date_specificity': 'year', 'max_generation': 376.75, 'max_generation_interval': '2002-12-18T11:05:00', 'created_at': '2023-10-18T04:34:41Z', 'updated_at': '2026-06-29T05:26:56Z'}]",-24.346016,150.61856,coal_black,54.82,5989.24
CANUNDA1,2025-10-01T00:00:00+10:00,0,26.931,Canunda,SA,"[{'code': 'CNUNDAWF', 'code_display': 'CNUNDAWF', 'fueltech_id': 'wind', 'status_id': 'operating', 'capacity_registered': 46.0, 'capacity_maximum': 46.0, 'data_first_seen': '2009-07-01T00:05:00+10:00', 'data_last_seen': '2026-09-06T00:00:00+10:00', 'dispatch_type': 'GENERATOR', 'commencement_date': '2005-02-28T14:00:00+10:00', 'commencement_date_specificity': 'month', 'expected_closure_date': '2034-12-31T14:00:00+10:00', 'expected_closure_date_specificity': 'year', 'max_generation': 45.0608, 'max_generation_interval': '2016-09-03T13:05:00', 'created_at': '2023-10-18T04:34:41Z', 'updated_at': '2026-06-30T01:09:05Z'}]",-37.691515,140.35514,wind,8.11,1564.92
CAPBES,2025-10-01T00:00:00+10:00,0,1.25,Capital,NSW,"[{'code': 'CAPBES1G', 'code_display': '0CAPBES1G', 'fueltech_id': 'battery_discharging', 'status_id': 'operating', 'capacity_registered': 125.0, 'capacity_maximum': 100.0, 'capacity_storage': 200.0, 'data_first_seen': '2023-07-25T00:05:00+10:00', 'data_last_seen': '2026-09-06T00:00:00+10:00', 'dispatch_type': 'GENERATOR', 'commencement_date': '2023-07-24T14:00:00+10:00', 'commencement_date_specificity': 'day', 'closure_date_specificity': 'day', 'expected_closure_date': '2047-12-31T14:00:00+10:00', 'expected_closure_date_specificity': 'year', 'max_generation': 101.61, 'max_generation_interval': '2025-10-07T06:55:00', 'created_at': '2023-10-18T04:35:16Z', 'updated_at': '2026-01-29T04:45:07Z'}, {'code': 'CAPBES1L', 'code_display': '0CAPBES1L', 'fueltech_id': 'battery_charging', 'status_id': 'operating', 'capacity_registered': 125.0, 'capacity_maximum': 100.0, 'capacity_storage': 200.0, 'data_first_seen': '2023-07-25T00:05:00+10:00', 'data_last_seen': '2026-09-05T23:55:00+10:00', 'dispatch_type': 'LOAD', 'commencement_date': '2023-07-24T14:00:00+10:00', 'commencement_date_specificity': 'day', 'closure_date_specificity': 'day', 'expected_closure_date': '2047-12-31T14:00:00+10:00', 'expected_closure_date_specificity': 'year', 'max_generation': 101.67, 'max_generation_interval': '2026-01-22T13:00:00', 'created_at': '2023-10-18T04:35:16Z', 'updated_at': '2026-06-29T06:34:18Z'}, {'code': 'CAPBES1', 'code_display': 'CAPBES1', 'fueltech_id': 'battery', 'status_id': 'operating', 'capacity_registered': 125.0, 'capacity_maximum': 100.0, 'capacity_storage': 200.0, 'data_first_seen': '2024-09-12T00:05:00+10:00', 'data_last_seen': '2026-09-06T00:00:00+10:00', 'dispatch_type': 'BIDIRECTIONAL', 'commencement_date': '2023-07-24T14:00:00+10:00', 'commencement_date_specificity': 'day', 'expected_closure_date': '2047-12-31T14:00:00+10:00', 'expected_closure_date_specificity': 'year', 'max_generation': 101.61, 'max_generation_interval': '2025-10-07T06:55:00', 'created_at': '2024-10-03T02:02:41Z', 'updated_at': '2026-01-29T04:45:41Z'}]",-35.338251,149.215529,battery_discharging,56.98,7105.57
CAPTL_WF,2025-10-01T00:00:00+10:00,0,114.295,Capital,NSW,"[{'code': 'CAPTL_WF', 'code_display': 'CAPTL_WF', 'fueltech_id': 'wind', 'status_id': 'operating', 'capacity_registered': 140.0, 'capacity_maximum': 140.0, 'data_first_seen': '2009-07-01T00:05:00+10:00', 'data_last_seen': '2026-09-06T00:00:00+10:00', 'dispatch_type': 'GENERATOR', 'commencement_date': '2009-07-04T14:00:00+10:00', 'commencement_date_specificity': 'day', 'expected_closure_date': '2039-12-31T14:00:00+10:00', 'expected_closure_date_specificity': 'year', 'max_generation': 138.6016, 'max_generation_interval': '2010-08-18T21:15:00', 'created_at': '2023-10-18T04:34:41Z', 'updated_at': '2026-06-30T01:09:33Z'}]",-35.136662,149.503302,wind,56.98,7105.57
CATHROCK,2025-10-01T00:00:00+10:00,0,40,Cathedral Rocks,SA,"[{'code': 'CATHROCK', 'code_display': 'CATHROCK', 'fueltech_id': 'wind', 'status_id': 'operating', 'capacity_registered': 66.0, 'capacity_maximum': 66.0, 'data_first_seen': '2009-07-01T00:05:00+10:00', 'data_last_seen': '2026-09-06T00:00:00+10:00', 'dispatch_type': 'GENERATOR', 'commencement_date': '2005-08-31T14:00:00+10:00', 'commencement_date_specificity': 'month', 'expected_closure_date': '2029-12-31T14:00:00+10:00', 'expected_closure_date_specificity': 'year', 'max_generation': 63.8, 'max_generation_interval': '2022-04-13T02:35:00', 'created_at': '2023-10-18T04:34:41Z', 'updated_at': '2026-06-30T01:10:09Z'}]",-34.854865,135.583318,wind,8.11,1564.92
CBWWBA,2025-10-01T00:00:00+10:00,0,0.002,Christies Beach,SA,"[{'code': 'CBWWBA1L', 'code_display': '0CBWWBA1L', 'fueltech_id': 'battery_charging', 'status_id': 'operating', 'capacity_registered': 2.0, 'capacity_maximum': 2.0, 'capacity_storage': 4.32, 'data_first_seen': '2022-07-12T00:05:00+10:00', 'data_last_seen': '2026-09-05T23:40:00+10:00', 'dispatch_type': 'LOAD', 'commencement_date': '2021-12-31T14:00:00+10:00', 'commencement_date_specificity': 'year', 'closure_date_specificity': 'day', 'expected_closure_date': '2040-12-31T14:00:00+10:00', 'expected_closure_date_specificity': 'year', 'max_generation': 2.345, 'max_generation_interval': '2024-12-08T08:15:00', 'created_at': '2023-10-18T04:34:41Z', 'updated_at': '2026-06-29T06:34:36Z'}, {'code': 'CBWWBA1', 'code_display': 'CBWWBA1', 'fueltech_id': 'battery', 'status_id': 'operating', 'capacity_registered': 2.16, 'capacity_maximum': 2.14, 'capacity_storage': 4.32, 'data_first_seen': '2024-09-06T00:05:00+10:00', 'data_last_seen': '2026-09-06T00:00:00+10:00', 'dispatch_type': 'BIDIRECTIONAL', 'commencement_date': '2021-12-31T14:00:00+10:00', 'commencement_date_specificity': 'year', 'expected_closure_date': '2044-12-31T14:00:00+10:00', 'expected_closure_date_specificity': 'year', 'max_generation': 2.246, 'max_generation_interval': '2024-11-28T15:30:00', 'created_at': '2024-10-04T05:30:54Z', 'updated_at': '2026-02-17T03:25:25Z'}, {'code': 'CBWWBA1G', 'code_display': '0CBWWBA1G', 'fueltech_id': 'battery_discharging', 'status_id': 'operating', 'capacity_registered': 2.16, 'capacity_maximum': 2.14, 'capacity_storage': 4.32, 'data_first_seen': '2022-07-12T00:05:00+10:00', 'data_last_seen': '2026-09-06T00:00:00+10:00', 'dispatch_type': 'GENERATOR', 'commencement_date': '2021-12-31T14:00:00+10:00', 'commencement_date_specificity': 'year', 'closure_date_specificity': 'day', 'expected_closure_date': '2044-12-31T14:00:00+10:00', 'expected_closure_date_specificity': 'year', 'max_generation': 2.246, 'max_generation_interval': '2024-11-28T15:30:00', 'created_at': '2023-10-18T04:34:41Z', 'updated_at': '2026-06-29T06:34:45Z'}, {'code': 'CBWWPV1', 'code_display': 'CBWWPV1', 'fueltech_id': 'solar_utility', 'status_id': 'operating', 'capacity_registered': 2.75, 'capacity_maximum': 2.0, 'dispatch_type': 'GENERATOR', 'commencement_date': '2021-12-31T14:00:00Z', 'commencement_date_specificity': 'year', 'expected_closure_date': '2040-12-31T14:00:00Z', 'expected_closure_date_specificity': 'year', 'created_at': '2023-10-18T04:34:41Z', 'updated_at': '2026-02-16T00:17:22Z'}, {'code': 'CBWWBG1', 'code_display': 'CBWWBG1', 'fueltech_id': 'bioenergy_biogas', 'status_id': 'operating', 'capacity_registered': 0.66, 'capacity_maximum': 0.66, 'emissions_factor_co2': 0.357, 'dispatch_type': 'GENERATOR', 'commencement_date': '2021-12-31T14:00:00Z', 'commencement_date_specificity': 'year', 'expected_closure_date': '2040-12-31T14:00:00Z', 'expected_closure_date_specificity': 'year', 'created_at': '2024-10-04T05:24:52Z', 'updated_at': '2026-02-15T23:53:39Z'}, {'code': 'CBWWDG1', 'code_display': 'CBWWDG1', 'fueltech_id': 'distillate', 'status_id': 'operating', 'capacity_registered': 2.0, 'capacity_maximum': 1.0, 'emissions_factor_co2': 0.785, 'dispatch_type': 'GENERATOR', 'commencement_date': '2021-12-31T14:00:00Z', 'commencement_date_specificity': 'year', 'expected_closure_date': '2040-12-31T14:00:00Z', 'expected_closure_date_specificity': 'year', 'created_at': '2024-10-04T05:26:19Z', 'updated_at': '2026-02-15T23:53:56Z'}, {'code': 'CBWWDG2', 'code_display': 'CBWWDG2', 'fueltech_id': 'distillate', 'status_id': 'operating', 'capacity_registered': 0.72, 'capacity_maximum': 0.72, 'emissions_factor_co2': 0.785, 'dispatch_type': 'GENERATOR', 'commencement_date': '2021-12-31T14:00:00Z', 'commencement_date_specificity': 'year', 'expected_closure_date': '2040-12-31T14:00:00Z', 'expected_closure_date_specificity': 'year', 'created_at': '2024-10-04T05:28:31Z', 'updated_at': '2026-02-16T00:08:04Z'}, {'code': 'CBWWPV2', 'code_display': 'CBWWPV2', 'fueltech_id': 'solar_utility', 'status_id': 'operating', 'capacity_registered': 1.08, 'capacity_maximum': 0.81, 'dispatch_type': 'GENERATOR', 'commencement_date': '2021-12-31T14:00:00Z', 'commencement_date_specificity': 'year', 'expected_closure_date': '2041-01-01T00:00:00Z', 'expected_closure_date_specificity': 'year', 'created_at': '2024-10-04T05:29:40Z', 'updated_at': '2026-01-20T01:55:12Z'}]",-35.125958,138.47135,battery_charging,8.11,1564.92
CETHANA,2025-10-01T00:00:00+10:00,0,47.47,Cethana,TAS,"[{'code': 'CETHANA', 'code_display': 'CETHANA', 'fueltech_id': 'hydro', 'status_id': 'operating', 'capacity_registered': 85.0, 'capacity_maximum': 100.0, 'data_first_seen': '2005-05-16T13:35:00+10:00', 'data_last_seen': '2026-09-06T00:00:00+10:00', 'dispatch_type': 'GENERATOR', 'commencement_date': '1970-12-31T14:00:00+10:00', 'commencement_date_specificity': 'year', 'expected_closure_date': '2099-12-31T14:00:00+10:00', 'expected_closure_date_specificity': 'year', 'max_generation': 101.5152, 'max_generation_interval': '2007-08-11T10:00:00', 'created_at': '2023-10-18T04:34:43Z', 'updated_at': '2026-06-30T01:11:19Z'}]",-41.480804,146.134511,hydro,0.12,898.71
CHALLWF,2025-10-01T00:00:00+10:00,0,26.7,Challicum Hills,VIC,"[{'code': 'CHALLHWF', 'code_display': 'CHALLHWF', 'fueltech_id': 'wind', 'status_id': 'operating', 'capacity_registered': 52.5, 'capacity_maximum': 52.0, 'data_first_seen': '2009-07-01T00:05:00+10:00', 'data_last_seen': '2026-09-06T00:00:00+10:00', 'dispatch_type': 'GENERATOR', 'commencement_date': '2003-07-31T14:00:00+10:00', 'commencement_date_specificity': 'month', 'expected_closure_date': '2029-12-31T14:00:00+10:00', 'expected_closure_date_specificity': 'year', 'max_generation': 57.9999, 'max_generation_interval': '2014-02-04T14:25:00', 'created_at': '2023-10-18T04:34:43Z', 'updated_at': '2026-06-30T01:11:41Z'}]",-37.388065,143.109502,wind,8.95,4893.49
CHBESS,2025-10-01T00:00:00+10:00,0,0.039,Chinchilla,QLD,"[{'code': 'CHBESSG1', 'code_display': '0CHBESSG1', 'fueltech_id': 'battery_discharging', 'status_id': 'operating', 'capacity_registered': 134.0, 'capacity_maximum': 100.0, 'capacity_storage': 200.0, 'data_first_seen': '2023-11-21T00:05:00+10:00', 'data_last_seen': '2026-09-06T00:00:00+10:00', 'dispatch_type': 'GENERATOR', 'commencement_date': '2023-12-15T14:00:00+10:00', 'commencement_date_specificity': 'day', 'expected_closure_date': '2038-12-31T14:00:00+10:00', 'expected_closure_date_specificity': 'year', 'max_generation': 100.0558, 'max_generation_interval': '2024-03-05T15:50:00', 'created_at': '2024-09-17T02:02:02Z', 'updated_at': '2026-07-28T05:17:15Z'}, {'code': 'CHBESS1', 'code_display': 'CHBESS1', 'fueltech_id': 'battery', 'status_id': 'operating', 'capacity_registered': 134.0, 'capacity_maximum': 100.0, 'capacity_storage': 200.0, 'data_first_seen': '2024-10-18T00:05:00+10:00', 'data_last_seen': '2026-09-06T00:00:00+10:00', 'dispatch_type': 'BIDIRECTIONAL', 'commencement_date': '2023-12-15T14:00:00+10:00', 'commencement_date_specificity': 'day', 'expected_closure_date': '2038-12-31T14:00:00+10:00', 'expected_closure_date_specificity': 'year', 'max_generation': 100.0497, 'max_generation_interval': '2025-08-23T05:45:00', 'created_at': '2024-10-24T05:29:26Z', 'updated_at': '2026-07-28T05:17:49Z'}, {'code': 'CHBESSL1', 'code_display': '0CHBESSL1', 'fueltech_id': 'battery_charging', 'status_id': 'operating', 'capacity_registered': 134.0, 'capacity_maximum': 100.0, 'capacity_storage': 200.0, 'data_first_seen': '2023-11-21T00:05:00+10:00', 'data_last_seen': '2026-09-05T23:40:00+10:00', 'dispatch_type': 'LOAD', 'commencement_date': '2023-12-15T14:00:00+10:00', 'commencement_date_specificity': 'day', 'expected_closure_date': '2038-12-31T14:00:00+10:00', 'expected_closure_date_specificity': 'year', 'max_generation': 100.0558, 'max_generation_interval': '2025-07-09T13:25:00', 'created_at': '2024-09-17T02:03:33Z', 'updated_at': '2026-07-28T05:17:33Z'}]",-26.918598,150.745396,battery_discharging,54.82,5989.24
CHYTWF,2025-10-01T00:00:00+10:00,0,11.31,Cherry Tree,VIC,"[{'code': 'CHYTWF1', 'code_display': 'CHYTWF1', 'fueltech_id': 'wind', 'status_id': 'operating', 'capacity_registered': 57.6, 'capacity_maximum': 57.0, 'data_first_seen': '2020-04-28T00:05:00+10:00', 'data_last_seen': '2026-09-06T00:00:00+10:00', 'dispatch_type': 'GENERATOR', 'commencement_date': '2020-05-01T14:00:00+10:00', 'commencement_date_specificity': 'day', 'expected_closure_date': '2049-12-31T14:00:00+10:00', 'expected_closure_date_specificity': 'year', 'max_generation': 57.6, 'max_generation_interval': '2020-05-28T09:35:00', 'created_at': '2023-10-18T04:34:43Z', 'updated_at': '2026-01-19T22:43:07Z'}]",-37.10249,145.2657,wind,8.95,4893.49
CLEMGPWF,2025-10-01T00:00:00+10:00,0,50.641,Clements Gap,SA,"[{'code': 'CGEBESSL01', 'code_display': '0CGEBESSL01', 'fueltech_id': 'battery_charging', 'status_id': 'operating', 'capacity_registered': 90.5, 'capacity_maximum': 60.0, 'capacity_storage': 120.0, 'data_first_seen': '2026-01-22T10:30:00+10:00', 'data_last_seen': '2026-09-05T23:30:00+10:00', 'dispatch_type': 'LOAD', 'commencement_date': '2026-01-22T14:00:00+10:00', 'commencement_date_specificity': 'day', 'expected_operation_date': '2025-11-30T14:00:00+10:00', 'expected_operation_date_specificity': 'month', 'expected_closure_date': '2045-12-31T14:00:00+10:00', 'expected_closure_date_specificity': 'year', 'max_generation': 60.49, 'max_generation_interval': '2026-08-07T13:45:00', 'created_at': '2025-08-13T23:00:48Z', 'updated_at': '2026-06-30T01:13:13Z'}, {'code': 'CGBESSG01', 'code_display': '0CGBESSG01', 'fueltech_id': 'battery_discharging', 'status_id': 'operating', 'capacity_registered': 90.5, 'capacity_maximum': 60.0, 'capacity_storage': 120.0, 'data_first_seen': '2025-12-18T00:05:00+10:00', 'data_last_seen': '2026-09-06T00:00:00+10:00', 'dispatch_type': 'GENERATOR', 'commencement_date': '2026-01-22T14:00:00+10:00', 'commencement_date_specificity': 'day', 'expected_operation_date': '2025-11-30T14:00:00+10:00', 'expected_operation_date_specificity': 'month', 'expected_closure_date': '2045-12-31T14:00:00+10:00', 'expected_closure_date_specificity': 'year', 'max_generation': 60.28, 'max_generation_interval': '2026-05-27T17:40:00', 'created_at': '2025-08-13T22:58:47Z', 'updated_at': '2026-06-30T01:13:35Z'}, {'code': 'CGBESS01', 'code_display': 'CGBESS01', 'fueltech_id': 'battery', 'status_id': 'operating', 'capacity_registered': 90.5, 'capacity_maximum': 60.0, 'capacity_storage': 120.0, 'data_first_seen': '2025-12-18T00:05:00+10:00', 'data_last_seen': '2026-09-06T00:00:00+10:00', 'dispatch_type': 'BIDIRECTIONAL', 'commencement_date': '2026-01-22T14:00:00+10:00', 'commencement_date_specificity': 'day', 'expected_operation_date': '2025-11-30T14:00:00+10:00', 'expected_operation_date_specificity': 'month', 'expected_closure_date': '2045-12-31T14:00:00+10:00', 'expected_closure_date_specificity': 'year', 'max_generation': 60.28, 'max_generation_interval': '2026-05-27T17:40:00', 'created_at': '2024-11-29T05:00:45Z', 'updated_at': '2026-01-25T23:20:28Z'}, {'code': 'CLEMGPWF', 'code_display': 'CLEMGPWF', 'fueltech_id': 'wind', 'status_id': 'operating', 'capacity_registered': 57.0, 'capacity_maximum': 57.0, 'data_first_seen': '2009-04-17T00:05:00+10:00', 'data_last_seen': '2026-09-06T00:00:00+10:00', 'dispatch_type': 'GENERATOR', 'commencement_date': '2009-05-07T14:00:00+10:00', 'commencement_date_specificity': 'day', 'expected_closure_date': '2038-12-31T14:00:00+10:00', 'expected_closure_date_specificity': 'year', 'max_generation': 137.0106, 'max_generation_interval': '2012-05-21T16:40:00', 'created_at': '2023-10-18T04:34:43Z', 'updated_at': '2026-06-30T01:12:48Z'}]",-33.507311,138.115629,battery_charging,8.11,1564.92
CLRKCWF,2025-10-01T00:00:00+10:00,0,296.108,Clarke Creek,QLD,"[{'code': 'CLRKCWF2', 'code_display': 'CLRKCWF2', 'fueltech_id': 'wind', 'status_id': 'operating', 'capacity_registered': 103.5, 'capacity_maximum': 101.0, 'data_first_seen': '2025-04-23T00:05:00+10:00', 'data_last_seen': '2026-09-06T00:00:00+10:00', 'dispatch_type': 'GENERATOR', 'commencement_date': '2025-04-29T14:00:00+10:00', 'commencement_date_specificity': 'day', 'expected_operation_date': '2025-08-31T14:00:00+10:00', 'expected_operation_date_specificity': 'month', 'expected_closure_date': '2048-12-31T14:00:00+10:00', 'expected_closure_date_specificity': 'year', 'max_generation': 102.171, 'max_generation_interval': '2026-06-28T21:15:00', 'created_at': '2024-10-03T02:21:50Z', 'updated_at': '2026-08-10T05:45:20Z'}, {'code': 'CLRKCWF1', 'code_display': 'CLRKCWF1', 'fueltech_id': 'wind', 'status_id': 'operating', 'capacity_registered': 345.5, 'capacity_maximum': 338.0, 'data_first_seen': '2024-10-01T00:05:00+10:00', 'data_last_seen': '2026-09-06T00:00:00+10:00', 'dispatch_type': 'GENERATOR', 'commencement_date': '2024-10-02T14:00:00+10:00', 'commencement_date_specificity': 'day', 'expected_closure_date': '2048-12-31T14:00:00+10:00', 'expected_closure_date_specificity': 'year', 'max_generation': 338.362, 'max_generation_interval': '2026-06-28T22:45:00', 'created_at': '2024-10-03T02:18:36Z', 'updated_at': '2026-08-10T05:44:48Z'}]",-22.850446,149.453252,wind,54.82,5989.24
CLUNY,2025-10-01T00:00:00+10:00,0,18.064,Cluny,TAS,"[{'code': 'CLUNY', 'code_display': 'CLUNY', 'fueltech_id': 'hydro', 'status_id': 'operating', 'capacity_registered': 19.0, 'capacity_maximum': 22.0, 'data_first_seen': '2009-07-01T00:05:00+10:00', 'data_last_seen': '2026-09-06T00:00:00+10:00', 'dispatch_type': 'GENERATOR', 'commencement_date': '1966-12-31T14:00:00+10:00', 'commencement_date_specificity': 'year', 'expected_closure_date': '2099-12-31T14:00:00+10:00', 'expected_closure_date_specificity': 'year', 'max_generation': 22.0879, 'max_generation_interval': '2018-04-06T15:35:00', 'created_at': '2023-10-18T04:34:44Z', 'updated_at': '2026-07-14T00:48:22Z'}]",-42.506442,146.68104,hydro,0.12,898.71
COLWF01,2025-10-01T00:00:00+10:00,0,115.956,Collector,NSW,"[{'code': 'COLWF01', 'code_display': 'COLWF01', 'fueltech_id': 'wind', 'status_id': 'operating', 'capacity_registered': 226.0, 'capacity_maximum': 219.0, 'data_first_seen': '2020-11-10T00:05:00+10:00', 'data_last_seen': '2026-09-06T00:00:00+10:00', 'dispatch_type': 'GENERATOR', 'commencement_date': '2020-11-12T14:00:00+10:00', 'commencement_date_specificity': 'day', 'expected_closure_date': '2045-12-31T14:00:00+10:00', 'expected_closure_date_specificity': 'year', 'max_generation': 218.995, 'max_generation_interval': '2021-07-25T06:40:00', 'created_at': '2023-10-18T04:34:44Z', 'updated_at': '2026-08-10T05:25:29Z'}]",-34.862066,149.388245,wind,56.98,7105.57
CONDONG1,2025-10-01T00:00:00+10:00,0.065,20.88,Condong,NSW,"[{'code': 'CONDONG1', 'code_display': 'CONDONG1', 'fueltech_id': 'bioenergy_biomass', 'status_id': 'operating', 'capacity_registered': 30.0, 'capacity_maximum': 30.0, 'emissions_factor_co2': 0.0366, 'data_first_seen': '2023-08-01T00:05:00+10:00', 'data_last_seen': '2026-09-06T00:00:00+10:00', 'dispatch_type': 'GENERATOR', 'commencement_date': '2007-11-30T14:00:00+10:00', 'commencement_date_specificity': 'month', 'expected_closure_date': '2037-12-31T14:00:00+10:00', 'expected_closure_date_specificity': 'year', 'max_generation': 28.24, 'max_generation_interval': '2026-04-01T00:30:00', 'created_at': '2023-10-18T04:34:46Z', 'updated_at': '2026-06-30T01:17:11Z'}]",-28.314766,153.433808,bioenergy_biomass,56.98,7105.57
COOPGWF,2025-10-01T00:00:00+10:00,0,328.52,Coopers Gap,QLD,"[{'code': 'COOPGWF1', 'code_display': 'COOPGWF1', 'fueltech_id': 'wind', 'status_id': 'operating', 'capacity_registered': 452.0, 'capacity_maximum': 440.0, 'data_first_seen': '2019-06-04T00:05:00+10:00', 'data_last_seen': '2026-09-06T00:00:00+10:00', 'dispatch_type': 'GENERATOR', 'commencement_date': '2019-06-23T14:00:00+10:00', 'commencement_date_specificity': 'day', 'expected_closure_date': '2043-12-31T14:00:00+10:00', 'expected_closure_date_specificity': 'year', 'max_generation': 442.28, 'max_generation_interval': '2022-07-27T01:15:00', 'created_at': '2023-10-18T04:34:46Z', 'updated_at': '2026-06-30T01:17:37Z'}]",-26.733659,151.474795,wind,54.82,5989.24
CROOKWF2,2025-10-01T00:00:00+10:00,0,76.613,Crookwell 2,NSW,"[{'code': 'CROOKWF2', 'code_display': 'CROOKWF2', 'fueltech_id': 'wind', 'status_id': 'operating', 'capacity_registered': 96.04, 'capacity_maximum': 91.0, 'data_first_seen': '2018-08-01T00:05:00+10:00', 'data_last_seen': '2026-09-06T00:00:00+10:00', 'dispatch_type': 'GENERATOR', 'commencement_date': '2024-05-22T14:00:00+10:00', 'commencement_date_specificity': 'day', 'expected_closure_date': '2053-12-31T14:00:00+10:00', 'expected_closure_date_specificity': 'year', 'max_generation': 95.3038, 'max_generation_interval': '2021-08-24T18:15:00', 'created_at': '2024-09-24T09:12:05Z', 'updated_at': '2026-04-02T01:16:46Z'}]",-34.556855,149.609565,wind,56.98,7105.57
CROOKWF3,2025-10-01T00:00:00+10:00,0,41.543,Crookwell 3,NSW,"[{'code': 'CROOKWF3', 'code_display': 'CROOKWF3', 'fueltech_id': 'wind', 'status_id': 'operating', 'capacity_registered': 57.0, 'capacity_maximum': 53.0, 'data_first_seen': '2024-05-21T00:05:00+10:00', 'data_last_seen': '2026-09-06T00:00:00+10:00', 'dispatch_type': 'GENERATOR', 'commencement_date': '2024-09-30T14:00:00+10:00', 'commencement_date_specificity': 'day', 'expected_closure_date': '2053-12-31T14:00:00+10:00', 'expected_closure_date_specificity': 'year', 'max_generation': 56.1821, 'max_generation_interval': '2026-09-05T13:40:00', 'created_at': '2024-10-01T04:50:18Z', 'updated_at': '2026-08-10T06:52:50Z'}]",-34.517075,149.542648,wind,56.98,7105.57
CROWLWF,2025-10-01T00:00:00+10:00,0,58.264,Crowlands,VIC,"[{'code': 'CROWLWF1', 'code_display': 'CROWLWF1', 'fueltech_id': 'wind', 'status_id': 'operating', 'capacity_registered': 79.95, 'capacity_maximum': 79.0, 'data_first_seen': '2018-11-06T00:05:00+10:00', 'data_last_seen': '2026-09-06T00:00:00+10:00', 'dispatch_type': 'GENERATOR', 'commencement_date': '2018-12-08T14:00:00+10:00', 'commencement_date_specificity': 'day', 'expected_closure_date': '2048-12-31T14:00:00+10:00', 'expected_closure_date_specificity': 'year', 'max_generation': 81.6251, 'max_generation_interval': '2021-09-11T08:25:00', 'created_at': '2023-10-18T04:34:46Z', 'updated_at': '2026-06-30T01:18:50Z'}]",-36.97615,143.097998,wind,8.95,4893.49
CRURWF1,2025-10-01T00:00:00+10:00,0,124.897,Crudine Ridge,NSW,"[{'code': 'CRURWF1', 'code_display': 'CRURWF1', 'fueltech_id': 'wind', 'status_id': 'operating', 'capacity_registered': 141.0, 'capacity_maximum': 138.0, 'data_first_seen': '2020-11-24T00:05:00+10:00', 'data_last_seen': '2026-09-06T00:00:00+10:00', 'dispatch_type': 'GENERATOR', 'commencement_date': '2020-12-01T14:00:00+10:00', 'commencement_date_specificity': 'day', 'expected_closure_date': '2040-12-31T14:00:00+10:00', 'expected_closure_date_specificity': 'year', 'max_generation': 141.2962, 'max_generation_interval': '2025-07-02T00:15:00', 'created_at': '2023-10-18T04:34:46Z', 'updated_at': '2026-06-29T05:31:41Z'}]",-32.864748,149.81297,wind,56.98,7105.57
CTHLWF,2025-10-01T00:00:00+10:00,0,14.261,Cattle Hill,TAS,"[{'code': 'CTHLWF1', 'code_display': 'CTHLWF1', 'fueltech_id': 'wind', 'status_id': 'operating', 'capacity_registered': 148.0, 'capacity_maximum': 144.0, 'data_first_seen': '2020-01-07T00:05:00+10:00', 'data_last_seen': '2026-09-06T00:00:00+10:00', 'dispatch_type': 'GENERATOR', 'commencement_date': '2020-01-06T14:00:00+10:00', 'commencement_date_specificity': 'day', 'expected_closure_date': '2043-12-31T14:00:00+10:00', 'expected_closure_date_specificity': 'year', 'max_generation': 145.0675, 'max_generation_interval': '2026-07-28T10:10:00', 'created_at': '2023-10-18T04:34:47Z', 'updated_at': '2026-06-30T01:19:28Z'}]",-42.149661,146.724045,wind,0.12,898.71
CULLERIN,2025-10-01T00:00:00+10:00,0,24.09,Cullerin Range,NSW,"[{'code': 'CULLRGWF', 'code_display': 'CULLRGWF', 'fueltech_id': 'wind', 'status_id': 'operating', 'capacity_registered': 30.0, 'capacity_maximum': 30.0, 'data_first_seen': '2009-07-01T00:05:00+10:00', 'data_last_seen': '2026-09-06T00:00:00+10:00', 'dispatch_type': 'GENERATOR', 'commencement_date': '2009-06-30T14:00:00+10:00', 'commencement_date_specificity': 'day', 'expected_closure_date': '2037-12-31T14:00:00+10:00', 'expected_closure_date_specificity': 'year', 'max_generation': 33.669, 'max_generation_interval': '2012-01-22T06:40:00', 'created_at': '2023-10-18T04:34:47Z', 'updated_at': '2026-06-30T01:19:49Z'}]",-34.809208,149.399185,wind,56.98,7105.57
DALNTH,2025-10-01T00:00:00+10:00,0,0.084,Dalrymple North,SA,"[{'code': 'DALNTHL1', 'code_display': '0DALNTHL1', 'fueltech_id': 'battery_charging', 'status_id': 'operating', 'capacity_registered': 30.0, 'capacity_maximum': 30.0, 'capacity_storage': 12.2, 'data_first_seen': '2018-06-05T00:05:00+10:00', 'data_last_seen': '2026-09-06T00:00:00+10:00', 'dispatch_type': 'LOAD', 'commencement_date': '2018-06-05T14:00:00+10:00', 'commencement_date_specificity': 'day', 'closure_date_specificity': 'day', 'expected_closure_date': '2029-12-31T14:00:00+10:00', 'expected_closure_date_specificity': 'year', 'max_generation': 30.0831, 'max_generation_interval': '2023-02-02T10:20:00', 'created_at': '2023-10-18T04:34:47Z', 'updated_at': '2026-05-27T05:38:17Z'}, {'code': 'DALNTH1', 'code_display': 'DALNTH1', 'fueltech_id': 'battery', 'status_id': 'operating', 'capacity_registered': 30.0, 'capacity_maximum': 30.0, 'capacity_storage': 12.2, 'data_first_seen': '2024-08-08T04:05:00+10:00', 'data_last_seen': '2026-09-06T00:00:00+10:00', 'dispatch_type': 'BIDIRECTIONAL', 'commencement_date': '2018-06-05T14:00:00+10:00', 'commencement_date_specificity': 'day', 'expected_closure_date': '2029-12-31T14:00:00+10:00', 'expected_closure_date_specificity': 'year', 'max_generation': 30.0251, 'max_generation_interval': '2024-12-12T07:50:00', 'created_at': '2024-09-23T23:30:08Z', 'updated_at': '2026-05-27T05:38:21Z'}, {'code': 'DALNTHG1', 'code_display': '0DALNTHG1', 'fueltech_id': 'battery_discharging', 'status_id': 'operating', 'capacity_registered': 30.0, 'capacity_maximum': 30.0, 'capacity_storage': 12.2, 'data_first_seen': '2018-06-05T00:05:00+10:00', 'data_last_seen': '2026-09-05T23:35:00+10:00', 'dispatch_type': 'GENERATOR', 'commencement_date': '2018-06-05T14:00:00+10:00', 'commencement_date_specificity': 'day', 'closure_date_specificity': 'day', 'expected_closure_date': '2029-12-31T14:00:00+10:00', 'expected_closure_date_specificity': 'year', 'max_generation': 31.3893, 'max_generation_interval': '2018-07-18T17:25:00', 'created_at': '2023-10-18T04:34:47Z', 'updated_at': '2026-07-28T23:57:51Z'}]",-34.933952,137.743532,battery_charging,8.11,1564.92
DARTM,2025-10-01T00:00:00+10:00,0,109.8,Dartmouth,VIC,"[{'code': 'DARTM1', 'code_display': 'DARTM1', 'fueltech_id': 'hydro', 'status_id': 'operating', 'capacity_registered': 185.0, 'capacity_maximum': 185.0, 'data_first_seen': '1998-12-07T07:25:00+10:00', 'data_last_seen': '2026-09-06T00:00:00+10:00', 'dispatch_type': 'GENERATOR', 'commencement_date': '1980-12-31T14:00:00+10:00', 'commencement_date_specificity': 'month', 'expected_closure_date': '2056-12-31T14:00:00+10:00', 'expected_closure_date_specificity': 'year', 'max_generation': 182.5, 'max_generation_interval': '2022-12-22T17:10:00', 'created_at': '2023-10-18T04:34:47Z', 'updated_at': '2026-06-26T01:09:09Z'}]",-36.556485,147.520456,hydro,8.95,4893.49
DEVILS_G,2025-10-01T00:00:00+10:00,0,46.112,Devils Gate,TAS,"[{'code': 'DEVILS_G', 'code_display': 'DEVILS_G', 'fueltech_id': 'hydro', 'status_id': 'operating', 'capacity_registered': 60.0, 'capacity_maximum': 67.0, 'data_first_seen': '2005-05-16T13:35:00+10:00', 'data_last_seen': '2026-09-06T00:00:00+10:00', 'dispatch_type': 'GENERATOR', 'commencement_date': '1968-12-31T14:00:00+10:00', 'commencement_date_specificity': 'year', 'expected_closure_date': '2099-12-31T14:00:00+10:00', 'expected_closure_date_specificity': 'year', 'max_generation': 66.2935, 'max_generation_interval': '2024-09-25T11:35:00', 'created_at': '2023-10-18T04:34:49Z', 'updated_at': '2026-07-14T01:39:29Z'}]",-41.350513,146.263394,hydro,0.12,898.71
DIAPURWF,2025-10-01T00:00:00+10:00,0,7.3,Diapur 2,VIC,"[{'code': 'DIAPURWF1', 'code_display': 'DIAPURWF1', 'fueltech_id': 'wind', 'status_id': 'operating', 'capacity_registered': 8.0, 'capacity_maximum': 7.0, 'data_first_seen': '2021-11-04T17:25:00+10:00', 'data_last_seen': '2026-09-06T00:00:00+10:00', 'dispatch_type': 'GENERATOR', 'commencement_date': '2021-11-25T14:00:00+10:00', 'commencement_date_specificity': 'day', 'expected_closure_date': '2045-12-31T14:00:00+10:00', 'expected_closure_date_specificity': 'year', 'max_generation': 8.4, 'max_generation_interval': '2025-12-30T18:25:00', 'created_at': '2023-10-18T04:34:49Z', 'updated_at': '2026-06-29T06:33:21Z'}]",-36.342581,141.434701,wind,8.95,4893.49
DPNTB,2025-10-01T00:00:00+10:00,0,0.049,Darlington Point,NSW,"[{'code': 'DPNTBL1', 'code_display': '0DPNTBL1', 'fueltech_id': 'battery_charging', 'status_id': 'operating', 'capacity_registered': 25.0, 'capacity_maximum': 25.0, 'capacity_storage': 50.0, 'data_first_seen': '2023-05-30T00:05:00+10:00', 'data_last_seen': '2026-09-06T00:00:00+10:00', 'dispatch_type': 'LOAD', 'commencement_date': '2023-06-22T14:00:00+10:00', 'commencement_date_specificity': 'day', 'closure_date_specificity': 'day', 'expected_closure_date': '2050-12-31T14:00:00+10:00', 'expected_closure_date_specificity': 'year', 'max_generation': 25.3453, 'max_generation_interval': '2025-11-21T08:15:00', 'created_at': '2023-10-18T04:34:49Z', 'updated_at': '2026-08-10T05:46:21Z'}, {'code': 'DPNTBG1', 'code_display': '0DPNTBG1', 'fueltech_id': 'battery_discharging', 'status_id': 'operating', 'capacity_registered': 25.0, 'capacity_maximum': 25.0, 'capacity_storage': 50.0, 'data_first_seen': '2023-05-30T00:05:00+10:00', 'data_last_seen': '2026-09-05T04:45:00+10:00', 'dispatch_type': 'GENERATOR', 'commencement_date': '2023-06-22T14:00:00+10:00', 'commencement_date_specificity': 'day', 'closure_date_specificity': 'day', 'expected_closure_date': '2050-12-31T14:00:00+10:00', 'expected_closure_date_specificity': 'year', 'max_generation': 25.2316, 'max_generation_interval': '2025-06-16T06:50:00', 'created_at': '2023-10-18T04:34:49Z', 'updated_at': '2026-08-10T05:46:25Z'}, {'code': 'DPNTB1', 'code_display': 'DPNTB1', 'fueltech_id': 'battery', 'status_id': 'operating', 'capacity_registered': 25.0, 'capacity_maximum': 25.0, 'capacity_storage': 50.0, 'data_first_seen': '2024-08-08T04:05:00+10:00', 'data_last_seen': '2026-09-06T00:00:00+10:00', 'dispatch_type': 'BIDIRECTIONAL', 'commencement_date': '2023-06-22T14:00:00+10:00', 'commencement_date_specificity': 'day', 'expected_closure_date': '2050-12-31T14:00:00+10:00', 'expected_closure_date_specificity': 'year', 'max_generation': 25.2316, 'max_generation_interval': '2025-06-16T06:50:00', 'created_at': '2024-09-25T00:19:25Z', 'updated_at': '2026-08-10T05:46:30Z'}]",-34.647016,146.035236,battery_charging,56.98,7105.57
DULAWF,2025-10-01T00:00:00+10:00,0,172.8,Dulacca,QLD,"[{'code': 'DULAWF1', 'code_display': 'DULAWF1', 'fueltech_id': 'wind', 'status_id': 'operating', 'capacity_registered': 180.0, 'capacity_maximum': 173.0, 'data_first_seen': '2023-04-04T00:05:00+10:00', 'data_last_seen': '2026-09-06T00:00:00+10:00', 'dispatch_type': 'GENERATOR', 'commencement_date': '2023-04-12T14:00:00+10:00', 'commencement_date_specificity': 'day', 'expected_closure_date': '2052-12-31T14:00:00+10:00', 'expected_closure_date_specificity': 'year', 'max_generation': 175.0, 'max_generation_interval': '2025-06-04T14:45:00', 'created_at': '2023-10-18T04:34:49Z', 'updated_at': '2026-08-10T06:16:42Z'}]",-26.631438,149.867554,wind,54.82,5989.24
DUNDWF,2025-10-01T00:00:00+10:00,0,77.28,Dundonnell,VIC,"[{'code': 'DUNDWF2', 'code_display': 'DUNDWF2', 'fueltech_id': 'wind', 'status_id': 'operating', 'capacity_registered': 46.0, 'capacity_maximum': 46.0, 'data_first_seen': '2020-03-10T00:05:00+10:00', 'data_last_seen': '2026-09-06T00:00:00+10:00', 'dispatch_type': 'GENERATOR', 'commencement_date': '2020-03-11T14:00:00+10:00', 'commencement_date_specificity': 'day', 'expected_closure_date': '2044-12-31T14:00:00+10:00', 'expected_closure_date_specificity': 'year', 'max_generation': 46.15, 'max_generation_interval': '2023-12-24T22:15:00', 'created_at': '2023-10-18T04:34:49Z', 'updated_at': '2026-06-26T01:11:49Z'}, {'code': 'DUNDWF1', 'code_display': 'DUNDWF1', 'fueltech_id': 'wind', 'status_id': 'operating', 'capacity_registered': 168.0, 'capacity_maximum': 168.0, 'data_first_seen': '2020-03-10T00:05:00+10:00', 'data_last_seen': '2026-09-06T00:00:00+10:00', 'dispatch_type': 'GENERATOR', 'commencement_date': '2020-04-30T14:00:00+10:00', 'commencement_date_specificity': 'day', 'expected_closure_date': '2044-12-31T14:00:00+10:00', 'expected_closure_date_specificity': 'year', 'max_generation': 167.989, 'max_generation_interval': '2021-01-15T17:25:00', 'created_at': '2023-10-18T04:34:49Z', 'updated_at': '2026-06-26T01:11:38Z'}, {'code': 'DUNDWF3', 'code_display': 'DUNDWF3', 'fueltech_id': 'wind', 'status_id': 'operating', 'capacity_registered': 121.0, 'capacity_maximum': 122.0, 'data_first_seen': '2020-03-10T00:05:00+10:00', 'data_last_seen': '2026-09-06T00:00:00+10:00', 'dispatch_type': 'GENERATOR', 'commencement_date': '2020-03-10T14:00:00+10:00', 'commencement_date_specificity': 'day', 'expected_closure_date': '2044-12-31T14:00:00+10:00', 'expected_closure_date_specificity': 'year', 'max_generation': 121.6, 'max_generation_interval': '2026-09-05T14:50:00', 'created_at': '2023-10-18T04:34:49Z', 'updated_at': '2026-06-26T01:12:01Z'}]",-37.865682,142.951894,wind,8.95,4893.49
EILDON,2025-10-01T00:00:00+10:00,0,47,Eildon,VIC,"[{'code': 'EILDON1', 'code_display': 'EILDON1', 'fueltech_id': 'hydro', 'status_id': 'operating', 'capacity_registered': 60.0, 'capacity_maximum': 60.0, 'data_first_seen': '1998-12-07T06:40:00+08:00', 'data_last_seen': '2026-09-06T00:00:00+08:00', 'dispatch_type': 'GENERATOR', 'commencement_date': '1955-12-31T14:00:00+08:00', 'commencement_date_specificity': 'year', 'expected_closure_date': '2056-12-31T14:00:00+08:00', 'expected_closure_date_specificity': 'year', 'max_generation': 70.5, 'max_generation_interval': '2011-05-30T17:15:00', 'created_at': '2023-10-18T04:34:50Z', 'updated_at': '2026-06-26T01:15:50Z'}, {'code': 'EILDON2', 'code_display': 'EILDON2', 'fueltech_id': 'hydro', 'status_id': 'operating', 'capacity_registered': 60.0, 'capacity_maximum': 60.0, 'data_first_seen': '1998-12-07T06:40:00+08:00', 'data_last_seen': '2026-09-06T00:00:00+08:00', 'dispatch_type': 'GENERATOR', 'commencement_date': '1955-12-31T14:00:00+08:00', 'commencement_date_specificity': 'year', 'expected_closure_date': '2056-12-31T14:00:00+08:00', 'expected_closure_date_specificity': 'year', 'max_generation': 62.9, 'max_generation_interval': '2012-11-14T08:25:00', 'created_at': '2023-10-18T04:34:50Z', 'updated_at': '2026-06-26T01:16:04Z'}]",-37.221982,145.921476,hydro,8.95,4893.49
ELAINEWF,2025-10-01T00:00:00+10:00,0,38.66,Elaine,VIC,"[{'code': 'ELAINWF1', 'code_display': 'ELAINWF1', 'fueltech_id': 'wind', 'status_id': 'operating', 'capacity_registered': 83.6, 'capacity_maximum': 82.0, 'data_first_seen': '2020-04-07T00:05:00+10:00', 'data_last_seen': '2026-09-06T00:00:00+10:00', 'dispatch_type': 'GENERATOR', 'commencement_date': '2020-04-06T14:00:00+10:00', 'commencement_date_specificity': 'day', 'expected_closure_date': '2048-12-31T14:00:00+10:00', 'expected_closure_date_specificity': 'year', 'max_generation': 83.6, 'max_generation_interval': '2021-01-27T08:20:00', 'created_at': '2023-10-18T04:34:50Z', 'updated_at': '2026-06-26T01:16:22Z'}]",-37.627677,144.025313,wind,8.95,4893.49
ERARING,2025-10-01T00:00:00+10:00,35.301,463.862,Eraring,NSW,"[{'code': 'ER02', 'code_display': 'ER02', 'fueltech_id': 'coal_black', 'status_id': 'operating', 'capacity_registered': 720.0, 'capacity_maximum': 750.0, 'emissions_factor_co2': 0.87, 'data_first_seen': '1998-12-07T02:40:00+10:00', 'data_last_seen': '2026-09-06T00:00:00+10:00', 'dispatch_type': 'GENERATOR', 'commencement_date': '1982-12-31T14:00:00+10:00', 'commencement_date_specificity': 'year', 'expected_closure_date': '2029-04-29T14:00:00+10:00', 'expected_closure_date_specificity': 'day', 'max_generation': 751.975, 'max_generation_interval': '2010-10-22T15:10:00', 'created_at': '2023-10-18T04:34:50Z', 'updated_at': '2026-06-30T04:34:53Z'}, {'code': 'ER04', 'code_display': 'ER04', 'fueltech_id': 'coal_black', 'status_id': 'operating', 'capacity_registered': 720.0, 'capacity_maximum': 750.0, 'emissions_factor_co2': 0.87, 'data_first_seen': '1998-12-07T02:40:00+10:00', 'data_last_seen': '2026-09-06T00:00:00+10:00', 'dispatch_type': 'GENERATOR', 'commencement_date': '1983-12-31T14:00:00+10:00', 'commencement_date_specificity': 'year', 'expected_closure_date': '2029-04-29T14:00:00+10:00', 'expected_closure_date_specificity': 'day', 'max_generation': 750.7, 'max_generation_interval': '2013-08-29T11:05:00', 'created_at': '2023-10-18T04:34:50Z', 'updated_at': '2026-06-30T04:38:55Z'}, {'code': 'ER03', 'code_display': 'ER03', 'fueltech_id': 'coal_black', 'status_id': 'operating', 'capacity_registered': 720.0, 'capacity_maximum': 750.0, 'emissions_factor_co2': 0.87, 'data_first_seen': '1998-12-07T02:40:00+10:00', 'data_last_seen': '2026-09-06T00:00:00+10:00', 'dispatch_type': 'GENERATOR', 'commencement_date': '1982-12-31T14:00:00+10:00', 'commencement_date_specificity': 'year', 'expected_closure_date': '2029-04-29T14:00:00+10:00', 'expected_closure_date_specificity': 'day', 'max_generation': 786.825, 'max_generation_interval': '2011-07-18T18:30:00', 'created_at': '2023-10-18T04:34:50Z', 'updated_at': '2026-06-30T04:38:47Z'}, {'code': 'ER01', 'code_display': 'ER01', 'fueltech_id': 'coal_black', 'status_id': 'operating', 'capacity_registered': 720.0, 'capacity_maximum': 750.0, 'emissions_factor_co2': 0.87, 'data_first_seen': '1998-12-07T02:40:00+10:00', 'data_last_seen': '2026-09-06T00:00:00+10:00', 'dispatch_type': 'GENERATOR', 'commencement_date': '1981-12-31T14:00:00+10:00', 'commencement_date_specificity': 'year', 'expected_closure_date': '2029-04-29T14:00:00+10:00', 'expected_closure_date_specificity': 'day', 'max_generation': 752.325, 'max_generation_interval': '2012-03-21T09:25:00', 'created_at': '2023-10-18T04:34:50Z', 'updated_at': '2026-06-30T04:34:43Z'}]",-33.061039,151.51984,coal_black,56.98,7105.57
ERB,2025-10-01T00:00:00+10:00,0,1.086,Eraring,NSW,"[{'code': 'ERB01', 'code_display': 'ERB01', 'fueltech_id': 'battery', 'status_id': 'operating', 'capacity_registered': 614.6, 'capacity_maximum': 460.0, 'capacity_storage': 1997.0, 'data_first_seen': '2025-03-04T00:05:00+10:00', 'data_last_seen': '2026-09-06T00:00:00+10:00', 'dispatch_type': 'BIDIRECTIONAL', 'commencement_date': '2025-03-04T14:00:00+10:00', 'commencement_date_specificity': 'day', 'expected_operation_date': '2025-11-30T14:00:00+10:00', 'expected_operation_date_specificity': 'month', 'expected_closure_date': '2044-12-31T14:00:00+10:00', 'expected_closure_date_specificity': 'year', 'max_generation': 461.323, 'max_generation_interval': '2026-07-31T07:55:00', 'created_at': '2024-12-06T01:09:26Z', 'updated_at': '2026-08-10T06:45:59Z'}, {'code': 'ERBG01', 'code_display': '0ERBG01', 'fueltech_id': 'battery_discharging', 'status_id': 'operating', 'capacity_registered': 614.6, 'capacity_maximum': 460.0, 'capacity_storage': 1997.0, 'data_first_seen': '2025-03-04T00:05:00+10:00', 'data_last_seen': '2026-09-06T00:00:00+10:00', 'dispatch_type': 'GENERATOR', 'commencement_date': '2025-03-04T14:00:00+10:00', 'commencement_date_specificity': 'day', 'expected_operation_date': '2025-11-30T14:00:00+10:00', 'expected_operation_date_specificity': 'month', 'expected_closure_date': '2044-12-31T14:00:00+10:00', 'expected_closure_date_specificity': 'year', 'max_generation': 461.323, 'max_generation_interval': '2026-07-31T07:55:00', 'created_at': '2025-03-04T23:19:48Z', 'updated_at': '2026-08-10T06:46:02Z'}, {'code': 'ERBL01', 'code_display': '0ERBL01', 'fueltech_id': 'battery_charging', 'status_id': 'operating', 'capacity_registered': 614.6, 'capacity_maximum': 460.0, 'capacity_storage': 1997.0, 'data_first_seen': '2025-03-04T12:05:00+10:00', 'data_last_seen': '2026-09-05T15:25:00+10:00', 'dispatch_type': 'LOAD', 'commencement_date': '2025-03-04T14:00:00+10:00', 'commencement_date_specificity': 'day', 'expected_operation_date': '2025-11-30T14:00:00+10:00', 'expected_operation_date_specificity': 'month', 'expected_closure_date': '2044-12-31T14:00:00+10:00', 'expected_closure_date_specificity': 'month', 'max_generation': 460.444, 'max_generation_interval': '2026-07-04T13:55:00', 'created_at': '2025-03-04T23:22:09Z', 'updated_at': '2026-08-10T06:46:06Z'}]",-33.060582,151.520047,battery,56.98,7105.57
FISHER,2025-10-01T00:00:00+10:00,0,44.87,Fisher,TAS,"[{'code': 'FISHER', 'code_display': 'FISHER', 'fueltech_id': 'hydro', 'status_id': 'operating', 'capacity_registered': 43.2, 'capacity_maximum': 46.0, 'data_first_seen': '2005-05-16T13:35:00+10:00', 'data_last_seen': '2026-09-06T00:00:00+10:00', 'dispatch_type': 'GENERATOR', 'commencement_date': '1972-12-31T14:00:00+10:00', 'commencement_date_specificity': 'year', 'expected_closure_date': '2099-12-31T14:00:00+10:00', 'expected_closure_date_specificity': 'year', 'max_generation': 47.95, 'max_generation_interval': '2016-05-03T19:00:00', 'created_at': '2023-10-18T04:34:52Z', 'updated_at': '2026-06-26T01:20:16Z'}]",-41.673312,146.268511,hydro,0.12,898.71
FLYCRKWF,2025-10-01T00:00:00+10:00,0,8.72,Flyers Creek,NSW,"[{'code': 'FLYCRKWF', 'code_display': 'FLYCRKWF', 'fueltech_id': 'wind', 'status_id': 'operating', 'capacity_registered': 145.0, 'capacity_maximum': 140.0, 'data_first_seen': '2023-08-08T00:05:00+08:00', 'data_last_seen': '2026-09-06T00:00:00+08:00', 'dispatch_type': 'GENERATOR', 'commencement_date': '2023-09-19T14:00:00+08:00', 'commencement_date_specificity': 'day', 'expected_closure_date': '2062-12-31T14:00:00+08:00', 'expected_closure_date_specificity': 'year', 'max_generation': 141.9, 'max_generation_interval': '2025-06-24T04:40:00', 'created_at': '2023-10-18T04:34:52Z', 'updated_at': '2026-06-30T00:32:16Z'}]",-33.517716,149.052949,wind,56.98,7105.57
GANNBESS,2025-10-01T00:00:00+10:00,0,0.29,Gannawarra,VIC,"[{'code': 'GANNBL1', 'code_display': '0GANNBL1', 'fueltech_id': 'battery_charging', 'status_id': 'commissioning', 'capacity_registered': 30.0, 'capacity_maximum': 30.0, 'capacity_storage': 49.85, 'data_first_seen': '2018-11-07T00:05:00+10:00', 'data_last_seen': '2026-09-05T23:55:00+10:00', 'dispatch_type': 'LOAD', 'commencement_date': '2018-11-07T14:00:00+10:00', 'commencement_date_specificity': 'day', 'expected_closure_date': '2032-12-31T14:00:00+10:00', 'expected_closure_date_specificity': 'year', 'max_generation': 26.6, 'max_generation_interval': '2019-01-26T14:35:00', 'created_at': '2023-10-18T04:34:52Z', 'updated_at': '2026-06-26T01:30:00Z'}, {'code': 'GANNBG1', 'code_display': '0GANNBG1', 'fueltech_id': 'battery_discharging', 'status_id': 'commissioning', 'capacity_registered': 30.0, 'capacity_maximum': 30.0, 'capacity_storage': 49.85, 'data_first_seen': '2018-11-07T00:05:00+10:00', 'data_last_seen': '2026-09-06T00:00:00+10:00', 'dispatch_type': 'GENERATOR', 'commencement_date': '2018-11-07T14:00:00+10:00', 'commencement_date_specificity': 'day', 'expected_closure_date': '2032-12-31T14:00:00+10:00', 'expected_closure_date_specificity': 'year', 'max_generation': 25.5658, 'max_generation_interval': '2024-03-05T19:10:00', 'created_at': '2023-10-18T04:34:52Z', 'updated_at': '2026-06-26T01:29:49Z'}, {'code': 'GANNB1', 'code_display': 'GANNB1', 'fueltech_id': 'battery', 'status_id': 'commissioning', 'capacity_registered': 30.0, 'capacity_maximum': 30.0, 'capacity_storage': 49.85, 'data_first_seen': '2024-08-08T04:05:00+10:00', 'data_last_seen': '2026-09-06T00:00:00+10:00', 'dispatch_type': 'BIDIRECTIONAL', 'commencement_date': '2018-11-07T14:00:00+10:00', 'commencement_date_specificity': 'day', 'expected_closure_date': '2032-12-31T14:00:00+10:00', 'expected_closure_date_specificity': 'year', 'max_generation': 25.5143, 'max_generation_interval': '2025-11-07T23:50:00', 'created_at': '2024-09-24T23:21:24Z', 'updated_at': '2026-06-26T01:45:24Z'}]",-35.734598,143.779894,battery_charging,8.95,4893.49
GERMCRK,2025-10-01T00:00:00+10:00,0.763,16.488,German Creek,QLD,"[{'code': 'GERMCRK', 'code_display': 'GERMCRK', 'fueltech_id': 'gas_wcmg', 'status_id': 'operating', 'capacity_registered': 45.0, 'capacity_maximum': 45.0, 'emissions_factor_co2': 0.5657, 'data_first_seen': '2013-07-18T10:20:00+10:00', 'data_last_seen': '2026-09-06T00:00:00+10:00', 'dispatch_type': 'GENERATOR', 'commencement_date': '2005-12-31T14:00:00+10:00', 'commencement_date_specificity': 'year', 'expected_closure_date': '2035-12-31T14:00:00+10:00', 'expected_closure_date_specificity': 'year', 'max_generation': 45.1, 'max_generation_interval': '2023-08-23T13:55:00', 'created_at': '2023-10-18T04:34:52Z', 'updated_at': '2026-02-18T04:16:05Z'}]",-22.928526,148.549097,gas_wcmg,54.82,5989.24
GORDON,2025-10-01T00:00:00+10:00,0,24.423,Gordon,TAS,"[{'code': 'GORDON', 'code_display': 'GORDON', 'fueltech_id': 'hydro', 'status_id': 'operating', 'capacity_registered': 432.0, 'capacity_maximum': 450.0, 'data_first_seen': '2005-05-16T13:35:00+10:00', 'data_last_seen': '2026-09-06T00:00:00+10:00', 'dispatch_type': 'GENERATOR', 'commencement_date': '1976-12-31T14:00:00+10:00', 'commencement_date_specificity': 'year', 'expected_closure_date': '2099-12-31T14:00:00+10:00', 'expected_closure_date_specificity': 'year', 'max_generation': 442.045, 'max_generation_interval': '2012-09-25T08:25:00', 'created_at': '2023-10-18T04:34:53Z', 'updated_at': '2026-06-26T01:50:01Z'}, {'code': 'GOVILLB1', 'code_display': 'GOVILLB1', 'fueltech_id': 'hydro', 'status_id': 'operating', 'capacity_registered': 25.0, 'dispatch_type': 'GENERATOR', 'commencement_date': '1976-12-31T14:00:00Z', 'commencement_date_specificity': 'year', 'expected_closure_date': '2099-12-31T14:00:00Z', 'expected_closure_date_specificity': 'year', 'created_at': '2023-10-18T04:34:53Z', 'updated_at': '2024-12-19T00:49:38Z'}]",-42.740519,145.982796,hydro,0.12,898.71
GPWFEST,2025-10-01T00:00:00+10:00,0,148.88,Golden Plains East,VIC,"[{'code': 'GPWFEST2', 'code_display': 'GPWFEST2', 'fueltech_id': 'wind', 'status_id': 'operating', 'capacity_registered': 260.4, 'capacity_maximum': 253.0, 'data_first_seen': '2024-08-06T00:05:00+10:00', 'data_last_seen': '2026-09-06T00:00:00+10:00', 'dispatch_type': 'GENERATOR', 'commencement_date': '2024-07-31T14:00:00+10:00', 'commencement_date_specificity': 'month', 'expected_closure_date': '2054-12-31T14:00:00+10:00', 'expected_closure_date_specificity': 'year', 'max_generation': 253.74, 'max_generation_interval': '2025-10-22T05:50:00', 'created_at': '2024-10-01T04:27:06Z', 'updated_at': '2026-08-10T05:40:10Z'}, {'code': 'GPWFEST1', 'code_display': 'GPWFEST1', 'fueltech_id': 'wind', 'status_id': 'operating', 'capacity_registered': 248.0, 'capacity_maximum': 240.0, 'data_first_seen': '2024-08-06T00:05:00+10:00', 'data_last_seen': '2026-09-06T00:00:00+10:00', 'dispatch_type': 'GENERATOR', 'commencement_date': '2024-08-31T14:00:00+10:00', 'commencement_date_specificity': 'month', 'expected_closure_date': '2054-12-31T14:00:00+10:00', 'expected_closure_date_specificity': 'year', 'max_generation': 240.85, 'max_generation_interval': '2025-07-19T09:50:00', 'created_at': '2024-10-01T04:26:08Z', 'updated_at': '2026-08-10T05:40:05Z'}, {'code': 'GPWFEST3', 'code_display': 'GPWFEST3', 'fueltech_id': 'wind', 'status_id': 'operating', 'capacity_registered': 248.0, 'capacity_maximum': 240.0, 'data_first_seen': '2024-08-06T00:05:00+10:00', 'data_last_seen': '2026-09-06T00:00:00+10:00', 'dispatch_type': 'GENERATOR', 'commencement_date': '2025-05-29T14:00:00+10:00', 'commencement_date_specificity': 'day', 'expected_operation_date': '2025-07-31T14:00:00+10:00', 'expected_operation_date_specificity': 'month', 'expected_closure_date': '2054-12-31T14:00:00+10:00', 'expected_closure_date_specificity': 'year', 'max_generation': 240.86, 'max_generation_interval': '2026-06-10T03:45:00', 'created_at': '2024-10-01T04:27:52Z', 'updated_at': '2026-08-10T05:40:15Z'}]",-37.95728,143.769665,wind,8.95,4893.49
GRANWF,2025-10-01T00:00:00+10:00,0,31.22,Granville Harbour,TAS,"[{'code': 'GRANWF1', 'code_display': 'GRANWF1', 'fueltech_id': 'wind', 'status_id': 'operating', 'capacity_registered': 110.0, 'capacity_maximum': 111.0, 'data_first_seen': '2019-12-03T00:05:00+10:00', 'data_last_seen': '2026-09-06T00:00:00+10:00', 'dispatch_type': 'GENERATOR', 'commencement_date': '2020-01-27T14:00:00+10:00', 'commencement_date_specificity': 'day', 'expected_closure_date': '2054-12-31T14:00:00+10:00', 'expected_closure_date_specificity': 'year', 'max_generation': 111.67, 'max_generation_interval': '2021-08-11T13:55:00', 'created_at': '2023-10-18T04:34:53Z', 'updated_at': '2026-06-26T01:50:23Z'}]",-41.778439,145.065517,wind,0.12,898.71
GREENB,2025-10-01T00:00:00+10:00,0,0.045,Greenbank,QLD,"[{'code': 'GREENB1G1', 'code_display': '0GREENB1G1', 'fueltech_id': 'battery_discharging', 'status_id': 'operating', 'capacity_registered': 259.2, 'capacity_maximum': 200.0, 'capacity_storage': 400.0, 'data_first_seen': '2024-12-17T00:05:00+08:00', 'data_last_seen': '2026-09-06T00:00:00+08:00', 'dispatch_type': 'GENERATOR', 'commencement_date': '2025-02-10T14:00:00+08:00', 'commencement_date_specificity': 'day', 'expected_closure_date': '2039-12-31T14:00:00+08:00', 'expected_closure_date_specificity': 'year', 'max_generation': 200.8931, 'max_generation_interval': '2025-07-08T06:25:00', 'created_at': '2024-11-09T10:26:05Z', 'updated_at': '2026-07-28T05:18:23Z'}, {'code': 'GREENB1', 'code_display': 'GREENB1', 'fueltech_id': 'battery', 'status_id': 'operating', 'capacity_registered': 259.2, 'capacity_maximum': 200.0, 'capacity_storage': 400.0, 'data_first_seen': '2024-12-17T00:05:00+08:00', 'data_last_seen': '2026-09-06T00:00:00+08:00', 'dispatch_type': 'BIDIRECTIONAL', 'commencement_date': '2025-02-10T14:00:00+08:00', 'commencement_date_specificity': 'day', 'expected_closure_date': '2039-12-31T14:00:00+08:00', 'expected_closure_date_specificity': 'year', 'max_generation': 200.8931, 'max_generation_interval': '2025-07-08T06:25:00', 'created_at': '2024-10-31T03:05:41Z', 'updated_at': '2026-07-28T05:18:12Z'}, {'code': 'GREENB1L1', 'code_display': '0GREENB1L1', 'fueltech_id': 'battery_charging', 'status_id': 'operating', 'capacity_registered': 259.2, 'capacity_maximum': 200.0, 'capacity_storage': 400.0, 'data_first_seen': '2025-02-11T21:50:00+08:00', 'data_last_seen': '2026-09-05T23:20:00+08:00', 'dispatch_type': 'LOAD', 'commencement_date': '2025-02-10T14:00:00+08:00', 'commencement_date_specificity': 'day', 'expected_closure_date': '2039-12-31T14:00:00+08:00', 'expected_closure_date_specificity': 'year', 'max_generation': 200.9255, 'max_generation_interval': '2025-11-04T13:25:00', 'created_at': '2024-11-09T10:25:25Z', 'updated_at': '2026-07-28T05:18:17Z'}]",-27.733142,152.954374,battery_discharging,54.82,5989.24
GSTONE,2025-10-01T00:00:00+10:00,12.176,149.769,Gladstone,QLD,"[{'code': 'GSTONE3', 'code_display': 'GSTONE3', 'fueltech_id': 'coal_black', 'status_id': 'operating', 'capacity_registered': 280.0, 'capacity_maximum': 285.0, 'emissions_factor_co2': 0.9758, 'data_first_seen': '1998-12-07T02:40:00+10:00', 'data_last_seen': '2026-09-06T00:00:00+10:00', 'dispatch_type': 'GENERATOR', 'commencement_date': '1977-12-31T14:00:00+10:00', 'commencement_date_specificity': 'year', 'expected_closure_date': '2029-03-30T14:00:00+10:00', 'expected_closure_date_specificity': 'day', 'max_generation': 296.1, 'max_generation_interval': '2002-06-16T18:55:00', 'created_at': '2023-10-18T04:34:52Z', 'updated_at': '2026-06-26T01:27:52Z'}, {'code': 'GSTONE4', 'code_display': 'GSTONE4', 'fueltech_id': 'coal_black', 'status_id': 'operating', 'capacity_registered': 280.0, 'capacity_maximum': 285.0, 'emissions_factor_co2': 0.9758, 'data_first_seen': '1998-12-07T02:40:00+10:00', 'data_last_seen': '2026-09-06T00:00:00+10:00', 'dispatch_type': 'GENERATOR', 'commencement_date': '1978-12-31T14:00:00+10:00', 'commencement_date_specificity': 'year', 'expected_closure_date': '2029-03-30T14:00:00+10:00', 'expected_closure_date_specificity': 'day', 'max_generation': 290.5, 'max_generation_interval': '2004-08-30T18:00:00', 'created_at': '2023-10-18T04:34:52Z', 'updated_at': '2026-06-26T01:28:26Z'}, {'code': 'GSTONE2', 'code_display': 'GSTONE2', 'fueltech_id': 'coal_black', 'status_id': 'operating', 'capacity_registered': 280.0, 'capacity_maximum': 285.0, 'emissions_factor_co2': 0.9758, 'data_first_seen': '1998-12-07T02:40:00+10:00', 'data_last_seen': '2026-09-06T00:00:00+10:00', 'dispatch_type': 'GENERATOR', 'commencement_date': '1976-12-31T14:00:00+10:00', 'commencement_date_specificity': 'year', 'expected_closure_date': '2029-03-30T14:00:00+10:00', 'expected_closure_date_specificity': 'day', 'max_generation': 350.0, 'max_generation_interval': '2000-08-23T11:30:00', 'created_at': '2023-10-18T04:34:52Z', 'updated_at': '2026-06-26T01:28:56Z'}, {'code': 'GSTONE1', 'code_display': 'GSTONE1', 'fueltech_id': 'coal_black', 'status_id': 'operating', 'capacity_registered': 280.0, 'capacity_maximum': 285.0, 'emissions_factor_co2': 0.9758, 'data_first_seen': '1998-12-07T02:40:00+10:00', 'data_last_seen': '2026-09-06T00:00:00+10:00', 'dispatch_type': 'GENERATOR', 'commencement_date': '1975-12-31T14:00:00+10:00', 'commencement_date_specificity': 'year', 'expected_closure_date': '2029-03-30T14:00:00+10:00', 'expected_closure_date_specificity': 'day', 'max_generation': 291.38, 'max_generation_interval': '2003-04-11T09:35:00', 'created_at': '2023-10-18T04:34:52Z', 'updated_at': '2026-06-26T01:28:37Z'}, {'code': 'GSTONE6', 'code_display': 'GSTONE6', 'fueltech_id': 'coal_black', 'status_id': 'operating', 'capacity_registered': 280.0, 'capacity_maximum': 285.0, 'emissions_factor_co2': 0.9758, 'data_first_seen': '1998-12-07T02:40:00+10:00', 'data_last_seen': '2026-09-06T00:00:00+10:00', 'dispatch_type': 'GENERATOR', 'commencement_date': '1981-12-31T14:00:00+10:00', 'commencement_date_specificity': 'year', 'expected_closure_date': '2029-03-30T14:00:00+10:00', 'expected_closure_date_specificity': 'day', 'max_generation': 287.875, 'max_generation_interval': '2007-11-16T10:10:00', 'created_at': '2023-10-18T04:34:52Z', 'updated_at': '2026-06-26T01:28:12Z'}, {'code': 'GSTONE5', 'code_display': 'GSTONE5', 'fueltech_id': 'coal_black', 'status_id': 'operating', 'capacity_registered': 280.0, 'capacity_maximum': 285.0, 'emissions_factor_co2': 0.9758, 'data_first_seen': '1998-12-07T02:40:00+10:00', 'data_last_seen': '2026-09-06T00:00:00+10:00', 'dispatch_type': 'GENERATOR', 'commencement_date': '1980-12-31T14:00:00+10:00', 'commencement_date_specificity': 'year', 'expected_closure_date': '2029-03-30T14:00:00+10:00', 'expected_closure_date_specificity': 'day', 'max_generation': 302.05, 'max_generation_interval': '2012-05-25T19:55:00', 'created_at': '2023-10-18T04:34:52Z', 'updated_at': '2026-06-26T01:29:09Z'}]",-23.853641,151.217515,coal_black,54.82,5989.24
GSWF,2025-10-01T00:00:00+10:00,0,200.66,Goyder South,SA,"[{'code': 'GSWF1B1', 'code_display': 'GSWF1B1', 'fueltech_id': 'wind', 'status_id': 'operating', 'capacity_registered': 203.0, 'capacity_maximum': 196.0, 'data_first_seen': '2023-11-21T00:05:00+10:00', 'data_last_seen': '2026-09-06T00:00:00+10:00', 'dispatch_type': 'GENERATOR', 'commencement_date': '2024-11-11T14:00:00+10:00', 'commencement_date_specificity': 'day', 'expected_closure_date': '2048-12-31T14:00:00+10:00', 'expected_closure_date_specificity': 'year', 'max_generation': 199.3, 'max_generation_interval': '2025-07-25T22:10:00', 'created_at': '2023-10-18T04:34:55Z', 'updated_at': '2026-08-10T06:52:04Z'}, {'code': 'GSWF1A', 'code_display': 'GSWF1A', 'fueltech_id': 'wind', 'status_id': 'operating', 'capacity_registered': 209.0, 'capacity_maximum': 201.0, 'data_first_seen': '2023-07-11T00:05:00+10:00', 'data_last_seen': '2026-09-06T00:00:00+10:00', 'dispatch_type': 'GENERATOR', 'commencement_date': '2024-04-04T14:00:00+10:00', 'commencement_date_specificity': 'day', 'expected_closure_date': '2047-12-31T14:00:00+10:00', 'expected_closure_date_specificity': 'year', 'max_generation': 204.09, 'max_generation_interval': '2025-10-01T08:40:00', 'created_at': '2023-10-18T04:34:55Z', 'updated_at': '2026-08-10T06:51:25Z'}]",-33.778423,138.97176,wind,8.11,1564.92
GULLRGWF,2025-10-01T00:00:00+10:00,0,119.063,Gullen Range,NSW,"[{'code': 'GULLRWF1', 'code_display': 'GULLRWF1', 'fueltech_id': 'wind', 'status_id': 'operating', 'capacity_registered': 165.0, 'capacity_maximum': 161.0, 'data_first_seen': '2013-11-19T00:05:00+10:00', 'data_last_seen': '2026-09-06T00:00:00+10:00', 'dispatch_type': 'GENERATOR', 'commencement_date': '2013-12-10T14:00:00+10:00', 'commencement_date_specificity': 'day', 'closure_date_specificity': 'day', 'expected_closure_date': '2049-12-31T14:00:00+10:00', 'expected_closure_date_specificity': 'year', 'max_generation': 165.5, 'max_generation_interval': '2017-08-07T11:35:00', 'created_at': '2023-10-18T04:34:55Z', 'updated_at': '2026-06-26T01:53:27Z'}, {'code': 'GULLRSF1', 'code_display': 'GULLRSF1', 'fueltech_id': 'solar_utility', 'status_id': 'operating', 'capacity_registered': 10.0, 'capacity_maximum': 10.0, 'data_first_seen': '2017-08-15T00:05:00+10:00', 'data_last_seen': '2026-09-06T00:00:00+10:00', 'dispatch_type': 'GENERATOR', 'commencement_date': '2017-08-21T14:00:00+10:00', 'commencement_date_specificity': 'day', 'expected_closure_date': '2049-12-31T14:00:00+10:00', 'expected_closure_date_specificity': 'year', 'max_generation': 10.0, 'max_generation_interval': '2023-07-27T16:25:00', 'created_at': '2023-10-18T04:34:55Z', 'updated_at': '2026-06-26T01:53:45Z'}]",-34.615245,149.45808,wind,56.98,7105.57
GUNNING,2025-10-01T00:00:00+10:00,0,34.678,Gunning,NSW,"[{'code': 'GUNNING1', 'code_display': 'GUNNING1', 'fueltech_id': 'wind', 'status_id': 'operating', 'capacity_registered': 46.5, 'capacity_maximum': 47.0, 'data_first_seen': '2011-03-25T00:05:00+10:00', 'data_last_seen': '2026-09-06T00:00:00+10:00', 'dispatch_type': 'GENERATOR', 'commencement_date': '2011-04-04T14:00:00+10:00', 'commencement_date_specificity': 'day', 'expected_closure_date': '2035-12-31T14:00:00+10:00', 'expected_closure_date_specificity': 'year', 'max_generation': 50.0, 'max_generation_interval': '2012-09-25T10:00:00', 'created_at': '2023-10-18T04:34:55Z', 'updated_at': '2026-06-26T01:54:06Z'}]",-34.691531,149.373013,wind,56.98,7105.57
HALLWF,2025-10-01T00:00:00+10:00,0,74.15,Hallett 1,SA,"[{'code': 'HALLWF1', 'code_display': 'HALLWF1', 'fueltech_id': 'wind', 'status_id': 'operating', 'capacity_registered': 95.0, 'capacity_maximum': 95.0, 'data_first_seen': '2007-12-19T01:05:00+10:00', 'data_last_seen': '2026-09-06T00:00:00+10:00', 'dispatch_type': 'GENERATOR', 'commencement_date': '2007-12-18T14:00:00+10:00', 'commencement_date_specificity': 'day', 'expected_closure_date': '2042-12-31T14:00:00+10:00', 'expected_closure_date_specificity': 'year', 'max_generation': 93.27, 'max_generation_interval': '2011-08-18T18:40:00', 'created_at': '2023-10-18T04:34:55Z', 'updated_at': '2026-06-26T01:54:29Z'}]",-33.349308,138.750829,wind,8.11,1564.92
HALLWF2,2025-10-01T00:00:00+10:00,0,56.52,Hallett 2,SA,"[{'code': 'HALLWF2', 'code_display': 'HALLWF2', 'fueltech_id': 'wind', 'status_id': 'operating', 'capacity_registered': 71.4, 'capacity_maximum': 71.0, 'data_first_seen': '2009-05-11T00:05:00+10:00', 'data_last_seen': '2026-09-06T00:00:00+10:00', 'dispatch_type': 'GENERATOR', 'commencement_date': '2009-05-12T14:00:00+10:00', 'commencement_date_specificity': 'day', 'expected_closure_date': '2034-12-31T14:00:00+10:00', 'expected_closure_date_specificity': 'year', 'max_generation': 81.36, 'max_generation_interval': '2009-10-28T10:35:00', 'created_at': '2023-10-18T04:34:55Z', 'updated_at': '2026-04-02T02:22:20Z'}]",-33.550778,138.863924,wind,8.11,1564.92
HBESS,2025-10-01T00:00:00+10:00,0,0.3,Hazelwood BESS,VIC,"[{'code': 'HBESS1', 'code_display': 'HBESS1', 'fueltech_id': 'battery', 'status_id': 'operating', 'capacity_registered': 200.0, 'capacity_maximum': 150.0, 'capacity_storage': 150.0, 'data_first_seen': '2024-08-15T00:05:00+10:00', 'data_last_seen': '2026-09-06T00:00:00+10:00', 'dispatch_type': 'BIDIRECTIONAL', 'commencement_date': '2023-03-09T14:00:00+10:00', 'commencement_date_specificity': 'day', 'expected_closure_date': '2042-12-31T14:00:00+10:00', 'expected_closure_date_specificity': 'year', 'max_generation': 153.4, 'max_generation_interval': '2026-05-27T08:20:00', 'created_at': '2024-10-13T04:25:56Z', 'updated_at': '2026-04-07T01:43:15Z'}, {'code': 'HBESSG1', 'code_display': '0HBESSG1', 'fueltech_id': 'battery_discharging', 'status_id': 'operating', 'capacity_registered': 200.0, 'capacity_maximum': 150.0, 'capacity_storage': 150.0, 'data_first_seen': '2023-02-07T00:05:00+10:00', 'data_last_seen': '2026-09-06T00:00:00+10:00', 'dispatch_type': 'GENERATOR', 'commencement_date': '2023-03-09T14:00:00+10:00', 'commencement_date_specificity': 'day', 'closure_date_specificity': 'day', 'expected_closure_date': '2042-12-31T14:00:00+10:00', 'expected_closure_date_specificity': 'year', 'max_generation': 153.4, 'max_generation_interval': '2024-07-25T09:35:00', 'created_at': '2023-10-18T04:34:56Z', 'updated_at': '2026-06-30T00:28:34Z'}, {'code': 'HBESSL1', 'code_display': '0HBESSL1', 'fueltech_id': 'battery_charging', 'status_id': 'operating', 'capacity_registered': 200.0, 'capacity_maximum': 150.0, 'capacity_storage': 150.0, 'data_first_seen': '2023-02-07T00:05:00+10:00', 'data_last_seen': '2026-09-05T23:45:00+10:00', 'dispatch_type': 'LOAD', 'commencement_date': '2023-03-09T14:00:00+10:00', 'commencement_date_specificity': 'day', 'closure_date_specificity': 'day', 'expected_closure_date': '2042-12-31T14:00:00+10:00', 'expected_closure_date_specificity': 'year', 'max_generation': 150.8, 'max_generation_interval': '2026-08-09T14:45:00', 'created_at': '2023-10-18T04:34:56Z', 'updated_at': '2026-04-07T01:43:05Z'}]",-38.267845,146.390293,battery,8.95,4893.49
HD1WF,2025-10-01T00:00:00+10:00,0,45.06,Hawkesdale,VIC,"[{'code': 'HD1WF1', 'code_display': 'HD1WF1', 'fueltech_id': 'wind', 'status_id': 'operating', 'capacity_registered': 94.6, 'capacity_maximum': 89.0, 'data_first_seen': '2024-05-31T00:05:00+10:00', 'data_last_seen': '2026-09-06T00:00:00+10:00', 'dispatch_type': 'GENERATOR', 'commencement_date': '2024-06-16T14:00:00+10:00', 'commencement_date_specificity': 'day', 'expected_closure_date': '2053-12-31T14:00:00+10:00', 'expected_closure_date_specificity': 'year', 'max_generation': 89.88, 'max_generation_interval': '2025-10-02T17:30:00', 'created_at': '2024-10-01T04:37:38Z', 'updated_at': '2026-06-26T00:51:42Z'}]",-38.148008,142.360925,wind,8.95,4893.49
HORNSDAL,2025-10-01T00:00:00+10:00,0,90.3,Hornsdale,SA,"[{'code': 'HDWF1', 'code_display': 'HDWF1', 'fueltech_id': 'wind', 'status_id': 'operating', 'capacity_registered': 102.4, 'capacity_maximum': 102.0, 'data_first_seen': '2016-06-02T00:05:00+10:00', 'data_last_seen': '2026-09-06T00:00:00+10:00', 'dispatch_type': 'GENERATOR', 'commencement_date': '2016-06-23T14:00:00+10:00', 'commencement_date_specificity': 'day', 'expected_closure_date': '2055-12-31T14:00:00+10:00', 'expected_closure_date_specificity': 'year', 'max_generation': 103.9, 'max_generation_interval': '2016-12-27T21:45:00', 'created_at': '2023-10-18T04:34:58Z', 'updated_at': '2026-06-26T01:56:34Z'}]",-33.071721,138.556978,wind,8.11,1564.92
HORNSDAL2,2025-10-01T00:00:00+10:00,0,96.5,Hornsdale 2,SA,"[{'code': 'HDWF2', 'code_display': 'HDWF2', 'fueltech_id': 'wind', 'status_id': 'operating', 'capacity_registered': 102.4, 'capacity_maximum': 102.0, 'data_first_seen': '2017-02-21T00:05:00+10:00', 'data_last_seen': '2026-09-06T00:00:00+10:00', 'dispatch_type': 'GENERATOR', 'commencement_date': '2017-02-21T14:00:00+10:00', 'commencement_date_specificity': 'day', 'expected_closure_date': '2056-12-31T14:00:00+10:00', 'expected_closure_date_specificity': 'year', 'max_generation': 103.8, 'max_generation_interval': '2017-07-16T10:40:00', 'created_at': '2023-10-18T04:34:58Z', 'updated_at': '2026-06-26T01:56:44Z'}]",-33.05982,138.537673,wind,8.11,1564.92
HORNSDAL3,2025-10-01T00:00:00+10:00,0,107.6,Hornsdale 3,SA,"[{'code': 'HDWF3', 'code_display': 'HDWF3', 'fueltech_id': 'wind', 'status_id': 'operating', 'capacity_registered': 112.0, 'capacity_maximum': 109.0, 'data_first_seen': '2017-08-14T15:30:00+10:00', 'data_last_seen': '2026-09-06T00:00:00+10:00', 'dispatch_type': 'GENERATOR', 'commencement_date': '2017-08-07T14:00:00+10:00', 'commencement_date_specificity': 'day', 'expected_closure_date': '2056-12-31T14:00:00+10:00', 'expected_closure_date_specificity': 'year', 'max_generation': 110.7, 'max_generation_interval': '2018-07-28T23:40:00', 'created_at': '2023-10-18T04:34:58Z', 'updated_at': '2026-06-26T01:56:52Z'}]",-33.05982,138.537673,wind,8.11,1564.92
HORNSDPR,2025-10-01T00:00:00+10:00,0,8.2,Hornsdale Power Reserve,SA,"[{'code': 'HPRG1', 'code_display': '0HPRG1', 'fueltech_id': 'battery_discharging', 'status_id': 'operating', 'capacity_registered': 150.0, 'capacity_maximum': 150.0, 'capacity_storage': 194.0, 'data_first_seen': '2017-11-14T00:05:00+10:00', 'data_last_seen': '2026-09-06T00:00:00+10:00', 'dispatch_type': 'GENERATOR', 'commencement_date': '2017-11-23T14:00:00+10:00', 'commencement_date_specificity': 'day', 'expected_closure_date': '2056-12-31T14:00:00+10:00', 'expected_closure_date_specificity': 'year', 'max_generation': 150.4, 'max_generation_interval': '2020-08-11T10:45:00', 'created_at': '2023-10-18T04:34:58Z', 'updated_at': '2026-06-26T02:03:46Z'}, {'code': 'HPRL1', 'code_display': '0HPRL1', 'fueltech_id': 'battery_charging', 'status_id': 'commissioning', 'capacity_registered': 150.0, 'capacity_maximum': 150.0, 'capacity_storage': 194.0, 'data_first_seen': '2017-11-14T00:05:00+10:00', 'data_last_seen': '2026-09-05T23:50:00+10:00', 'dispatch_type': 'LOAD', 'commencement_date': '2017-11-23T14:00:00+10:00', 'commencement_date_specificity': 'day', 'expected_closure_date': '2056-12-31T14:00:00+10:00', 'expected_closure_date_specificity': 'year', 'max_generation': 120.1, 'max_generation_interval': '2020-08-17T13:40:00', 'created_at': '2023-10-18T04:34:58Z', 'updated_at': '2026-06-26T02:03:58Z'}, {'code': 'HPR1', 'code_display': 'HPR1', 'fueltech_id': 'battery', 'status_id': 'commissioning', 'capacity_registered': 150.0, 'capacity_maximum': 150.0, 'capacity_storage': 194.0, 'data_first_seen': '2024-09-12T00:05:00+10:00', 'data_last_seen': '2026-09-06T00:00:00+10:00', 'dispatch_type': 'BIDIRECTIONAL', 'commencement_date': '2017-11-23T14:00:00+10:00', 'commencement_date_specificity': 'day', 'expected_closure_date': '2056-12-31T14:00:00+10:00', 'expected_closure_date_specificity': 'year', 'max_generation': 98.0, 'max_generation_interval': '2024-12-16T14:45:00', 'created_at': '2024-11-06T23:14:29Z', 'updated_at': '2026-05-27T05:37:08Z'}]",-33.086389,138.518659,battery_discharging,8.11,1564.92
HUMENSW,2025-10-01T00:00:00+10:00,0,21.028,Hume,NSW,"[{'code': 'HUMENSW', 'code_display': 'HUMENSW', 'fueltech_id': 'hydro', 'status_id': 'operating', 'capacity_registered': 29.0, 'capacity_maximum': 70.0, 'data_first_seen': '1998-12-09T05:20:00+10:00', 'data_last_seen': '2026-09-06T00:00:00+10:00', 'dispatch_type': 'GENERATOR', 'commencement_date': '1956-12-31T14:00:00+10:00', 'commencement_date_specificity': 'year', 'expected_closure_date': '2056-12-31T14:00:00+10:00', 'expected_closure_date_specificity': 'year', 'max_generation': 99.9999, 'max_generation_interval': '2013-07-19T10:00:00', 'created_at': '2023-10-18T04:34:58Z', 'updated_at': '2026-06-26T02:04:43Z'}]",-36.106639,147.032526,hydro,56.98,7105.57
HVWW,2025-10-01T00:00:00+10:00,0,0.009,Happy Valley,SA,"[{'code': 'HVWWBA1G', 'code_display': '0HVWWBA1G', 'fueltech_id': 'battery_discharging', 'status_id': 'operating', 'capacity_registered': 5.0, 'capacity_maximum': 4.0, 'capacity_storage': 8.82, 'data_first_seen': '2022-04-20T00:05:00+10:00', 'data_last_seen': '2026-09-06T00:00:00+10:00', 'dispatch_type': 'GENERATOR', 'commencement_date': '2022-06-06T14:00:00+10:00', 'commencement_date_specificity': 'day', 'closure_date_specificity': 'day', 'expected_closure_date': '2040-12-31T14:00:00+10:00', 'expected_closure_date_specificity': 'year', 'max_generation': 4.538, 'max_generation_interval': '2026-01-07T14:55:00', 'created_at': '2023-10-18T04:34:59Z', 'updated_at': '2026-06-29T06:13:09Z'}, {'code': 'HVWWBA1', 'code_display': 'HVWWBA1', 'fueltech_id': 'battery', 'status_id': 'operating', 'capacity_registered': 5.0, 'capacity_maximum': 4.0, 'capacity_storage': 8.8, 'data_first_seen': '2024-09-06T00:05:00+10:00', 'data_last_seen': '2026-09-06T00:00:00+10:00', 'dispatch_type': 'BIDIRECTIONAL', 'commencement_date': '2022-06-06T14:00:00+10:00', 'commencement_date_specificity': 'day', 'expected_closure_date': '2040-12-31T14:00:00+10:00', 'expected_closure_date_specificity': 'year', 'max_generation': 4.538, 'max_generation_interval': '2026-01-07T14:55:00', 'created_at': '2024-10-09T01:06:37Z', 'updated_at': '2026-01-15T03:22:28Z'}, {'code': 'HVWWBA1L', 'code_display': '0HVWWBA1L', 'fueltech_id': 'battery_charging', 'status_id': 'operating', 'capacity_registered': 5.0, 'capacity_maximum': 4.0, 'capacity_storage': 8.82, 'data_first_seen': '2022-04-20T00:05:00+10:00', 'data_last_seen': '2026-09-05T23:40:00+10:00', 'dispatch_type': 'LOAD', 'commencement_date': '2022-06-06T14:00:00+10:00', 'commencement_date_specificity': 'day', 'closure_date_specificity': 'day', 'expected_closure_date': '2040-12-31T14:00:00+10:00', 'expected_closure_date_specificity': 'year', 'max_generation': 4.647, 'max_generation_interval': '2025-11-11T14:15:00', 'created_at': '2023-10-18T04:34:59Z', 'updated_at': '2026-06-29T06:13:17Z'}, {'code': 'HVWWPV1', 'code_display': 'HVWWPV1', 'fueltech_id': 'solar_utility', 'status_id': 'operating', 'capacity_registered': 11.0, 'capacity_maximum': 8.0, 'data_first_seen': '2022-04-20T00:05:00+10:00', 'data_last_seen': '2026-09-06T00:00:00+10:00', 'dispatch_type': 'GENERATOR', 'commencement_date': '2022-06-15T14:00:00+10:00', 'commencement_date_specificity': 'day', 'expected_closure_date': '2040-12-31T14:00:00+10:00', 'expected_closure_date_specificity': 'year', 'max_generation': 8.608, 'max_generation_interval': '2026-01-31T14:30:00', 'created_at': '2023-10-18T04:34:59Z', 'updated_at': '2026-06-03T03:47:41Z'}]",-35.056156,138.564957,battery_discharging,8.11,1564.92
JEERB,2025-10-01T00:00:00+10:00,0.007,0.1,Jeeralang B,VIC,"[{'code': 'JLB02', 'code_display': 'JLB02', 'fueltech_id': 'gas_ocgt', 'status_id': 'operating', 'capacity_registered': 76.0, 'capacity_maximum': 100.0, 'emissions_factor_co2': 0.8091, 'data_first_seen': '1998-12-07T10:30:00+10:00', 'data_last_seen': '2026-09-06T00:00:00+10:00', 'dispatch_type': 'GENERATOR', 'commencement_date': '1979-12-31T14:00:00+10:00', 'commencement_date_specificity': 'year', 'expected_closure_date': '2038-12-31T14:00:00+10:00', 'expected_closure_date_specificity': 'year', 'max_generation': 99.1, 'max_generation_interval': '1999-06-24T20:15:00', 'created_at': '2023-10-18T04:34:59Z', 'updated_at': '2026-06-26T03:04:16Z'}, {'code': 'JLB01', 'code_display': 'JLB01', 'fueltech_id': 'gas_ocgt', 'status_id': 'operating', 'capacity_registered': 76.0, 'capacity_maximum': 100.0, 'emissions_factor_co2': 0.8091, 'data_first_seen': '1998-12-07T09:20:00+10:00', 'data_last_seen': '2026-09-06T00:00:00+10:00', 'dispatch_type': 'GENERATOR', 'commencement_date': '1979-12-31T14:00:00+10:00', 'commencement_date_specificity': 'year', 'expected_closure_date': '2038-12-31T14:00:00+10:00', 'expected_closure_date_specificity': 'year', 'max_generation': 97.01, 'max_generation_interval': '2003-07-29T18:20:00', 'created_at': '2023-10-18T04:34:59Z', 'updated_at': '2026-06-26T03:04:08Z'}, {'code': 'JLB03', 'code_display': 'JLB03', 'fueltech_id': 'gas_ocgt', 'status_id': 'operating', 'capacity_registered': 76.0, 'capacity_maximum': 100.0, 'emissions_factor_co2': 0.8091, 'data_first_seen': '1998-12-11T10:30:00+10:00', 'data_last_seen': '2026-09-06T00:00:00+10:00', 'dispatch_type': 'GENERATOR', 'commencement_date': '1979-12-31T14:00:00+10:00', 'commencement_date_specificity': 'year', 'expected_closure_date': '2038-12-31T14:00:00+10:00', 'expected_closure_date_specificity': 'year', 'max_generation': 96.24, 'max_generation_interval': '2003-07-29T18:50:00', 'created_at': '2023-10-18T04:34:59Z', 'updated_at': '2026-06-26T03:04:25Z'}]",-38.275189,146.425555,gas_ocgt,8.95,4893.49
KABANWF,2025-10-01T00:00:00+10:00,0,110.789,Kaban,QLD,"[{'code': 'KABANWF1', 'code_display': 'KABANWF1', 'fueltech_id': 'wind', 'status_id': 'operating', 'capacity_registered': 156.0, 'capacity_maximum': 152.0, 'data_first_seen': '2022-09-26T00:05:00+10:00', 'data_last_seen': '2026-09-06T00:00:00+10:00', 'dispatch_type': 'GENERATOR', 'commencement_date': '2022-09-25T14:00:00+10:00', 'commencement_date_specificity': 'day', 'expected_closure_date': '2047-12-31T14:00:00+10:00', 'expected_closure_date_specificity': 'year', 'max_generation': 155.949, 'max_generation_interval': '2024-03-10T06:30:00', 'created_at': '2023-10-18T04:35:01Z', 'updated_at': '2026-08-10T06:11:08Z'}]",-17.560606,145.413125,wind,54.82,5989.24
KAREEYA,2025-10-01T00:00:00+10:00,0,21.445,Kareeya,QLD,"[{'code': 'KAREEYA2', 'code_display': 'KAREEYA2', 'fueltech_id': 'hydro', 'status_id': 'operating', 'capacity_registered': 21.0, 'capacity_maximum': 22.0, 'data_first_seen': '1998-12-07T05:05:00+08:00', 'data_last_seen': '2026-09-06T00:00:00+08:00', 'dispatch_type': 'GENERATOR', 'commencement_date': '1955-12-31T14:00:00+08:00', 'commencement_date_specificity': 'year', 'expected_closure_date': '2056-12-31T14:00:00+08:00', 'expected_closure_date_specificity': 'year', 'max_generation': 24.26, 'max_generation_interval': '2004-10-01T18:55:00', 'created_at': '2023-10-18T04:35:01Z', 'updated_at': '2026-06-26T03:08:33Z'}, {'code': 'KAREEYA4', 'code_display': 'KAREEYA4', 'fueltech_id': 'hydro', 'status_id': 'operating', 'capacity_registered': 21.0, 'capacity_maximum': 22.0, 'data_first_seen': '1998-12-07T02:50:00+08:00', 'data_last_seen': '2026-09-06T00:00:00+08:00', 'dispatch_type': 'GENERATOR', 'commencement_date': '1955-12-31T14:00:00+08:00', 'commencement_date_specificity': 'year', 'expected_closure_date': '2056-12-31T14:00:00+08:00', 'expected_closure_date_specificity': 'year', 'max_generation': 27.07, 'max_generation_interval': '2004-12-18T03:00:00', 'created_at': '2023-10-18T04:35:01Z', 'updated_at': '2026-06-26T03:08:45Z'}, {'code': 'KAREEYA1', 'code_display': 'KAREEYA1', 'fueltech_id': 'hydro', 'status_id': 'operating', 'capacity_registered': 21.0, 'capacity_maximum': 22.0, 'data_first_seen': '1998-12-07T02:50:00+08:00', 'data_last_seen': '2026-09-06T00:00:00+08:00', 'dispatch_type': 'GENERATOR', 'commencement_date': '1955-12-31T14:00:00+08:00', 'commencement_date_specificity': 'year', 'expected_closure_date': '2056-12-31T14:00:00+08:00', 'expected_closure_date_specificity': 'year', 'max_generation': 24.22, 'max_generation_interval': '2004-10-01T18:55:00', 'created_at': '2023-10-18T04:35:01Z', 'updated_at': '2026-06-26T03:08:22Z'}, {'code': 'KAREEYA3', 'code_display': 'KAREEYA3', 'fueltech_id': 'hydro', 'status_id': 'operating', 'capacity_registered': 21.0, 'capacity_maximum': 22.0, 'data_first_seen': '1998-12-07T02:50:00+08:00', 'data_last_seen': '2026-09-06T00:00:00+08:00', 'dispatch_type': 'GENERATOR', 'commencement_date': '1955-12-31T14:00:00+08:00', 'commencement_date_specificity': 'year', 'expected_closure_date': '2056-12-31T14:00:00+08:00', 'expected_closure_date_specificity': 'year', 'max_generation': 35.49, 'max_generation_interval': '2005-01-05T18:20:00', 'created_at': '2023-10-18T04:35:01Z', 'updated_at': '2026-06-26T03:08:05Z'}, {'code': 'KAREEYA5', 'code_display': 'KAREEYA5', 'fueltech_id': 'hydro', 'status_id': 'operating', 'capacity_registered': 7.0, 'capacity_maximum': 7.0, 'dispatch_type': 'GENERATOR', 'commencement_date': '2000-02-29T14:00:00Z', 'commencement_date_specificity': 'month', 'expected_closure_date': '2056-12-31T14:00:00Z', 'expected_closure_date_specificity': 'year', 'created_at': '2023-10-18T04:35:01Z', 'updated_at': '2026-06-26T03:08:55Z'}]",-17.767013,145.577993,hydro,54.82,5989.24
KESS1,2025-10-01T00:00:00+10:00,0,2.23,Koorangie,VIC,"[{'code': 'KESSB1', 'code_display': 'KESSB1', 'fueltech_id': 'battery', 'status_id': 'operating', 'capacity_registered': 185.0, 'capacity_maximum': 185.0, 'capacity_storage': 370.0, 'data_first_seen': '2025-01-29T00:05:00+10:00', 'data_last_seen': '2026-09-06T00:00:00+10:00', 'dispatch_type': 'BIDIRECTIONAL', 'commencement_date': '2025-02-14T14:00:00+10:00', 'commencement_date_specificity': 'day', 'expected_operation_date': '2025-03-31T14:00:00+10:00', 'expected_operation_date_specificity': 'month', 'expected_closure_date': '2054-12-31T14:00:00+10:00', 'expected_closure_date_specificity': 'year', 'max_generation': 185.7, 'max_generation_interval': '2025-09-30T18:55:00', 'created_at': '2024-12-01T23:32:22Z', 'updated_at': '2026-04-07T00:15:04Z'}, {'code': 'KESSG1', 'code_display': '0KESSG1', 'fueltech_id': 'battery_discharging', 'status_id': 'operating', 'capacity_registered': 185.0, 'capacity_maximum': 185.0, 'capacity_storage': 370.0, 'data_first_seen': '2025-01-29T00:05:00+10:00', 'data_last_seen': '2026-09-06T00:00:00+10:00', 'dispatch_type': 'GENERATOR', 'commencement_date': '2025-02-14T14:00:00+10:00', 'commencement_date_specificity': 'day', 'expected_operation_date': '2025-03-31T14:00:00+10:00', 'expected_operation_date_specificity': 'month', 'expected_closure_date': '2054-12-31T14:00:00+10:00', 'expected_closure_date_specificity': 'year', 'max_generation': 185.7, 'max_generation_interval': '2025-09-30T18:55:00', 'created_at': '2025-02-15T01:09:41Z', 'updated_at': '2026-07-14T05:59:29Z'}, {'code': 'KESSL1', 'code_display': '0KESSL1', 'fueltech_id': 'battery_charging', 'status_id': 'operating', 'capacity_registered': 185.0, 'capacity_maximum': 185.0, 'capacity_storage': 370.0, 'data_first_seen': '2025-02-14T11:00:00+10:00', 'data_last_seen': '2026-09-05T23:45:00+10:00', 'dispatch_type': 'LOAD', 'commencement_date': '2025-02-14T14:00:00+10:00', 'commencement_date_specificity': 'day', 'expected_operation_date': '2025-03-31T14:00:00+10:00', 'expected_operation_date_specificity': 'month', 'expected_closure_date': '2054-12-31T14:00:00+10:00', 'expected_closure_date_specificity': 'year', 'max_generation': 187.41, 'max_generation_interval': '2025-05-13T14:50:00', 'created_at': '2025-02-15T01:11:01Z', 'updated_at': '2026-07-14T05:59:59Z'}]",-35.726424,143.752212,battery,8.95,4893.49
KIATAWF,2025-10-01T00:00:00+10:00,0,29.3,Kiata,VIC,"[{'code': 'KIATAWF1', 'code_display': 'KIATAWF1', 'fueltech_id': 'wind', 'status_id': 'operating', 'capacity_registered': 31.0, 'capacity_maximum': 31.0, 'data_first_seen': '2017-11-03T00:05:00+10:00', 'data_last_seen': '2026-09-06T00:00:00+10:00', 'dispatch_type': 'GENERATOR', 'commencement_date': '2017-11-09T14:00:00+10:00', 'commencement_date_specificity': 'day', 'expected_closure_date': '2041-12-31T14:00:00+10:00', 'expected_closure_date_specificity': 'year', 'max_generation': 31.8, 'max_generation_interval': '2020-10-08T01:10:00', 'created_at': '2023-10-18T04:35:03Z', 'updated_at': '2026-08-10T05:20:19Z'}]",-36.397288,141.747394,wind,8.95,4893.49
KOGANCK,2025-10-01T00:00:00+10:00,50.511,719.94,Kogan Creek,QLD,"[{'code': 'KPP_1', 'code_display': 'KPP_1', 'fueltech_id': 'coal_black', 'status_id': 'operating', 'capacity_registered': 744.0, 'capacity_maximum': 781.0, 'emissions_factor_co2': 0.8436, 'data_first_seen': '2007-04-03T10:50:00+08:00', 'data_last_seen': '2026-09-06T00:00:00+08:00', 'dispatch_type': 'GENERATOR', 'commencement_date': '2007-05-12T14:00:00+08:00', 'commencement_date_specificity': 'day', 'expected_closure_date': '2041-12-31T14:00:00+08:00', 'expected_closure_date_specificity': 'year', 'max_generation': 815.75, 'max_generation_interval': '2007-10-18T11:15:00', 'created_at': '2023-10-18T04:35:03Z', 'updated_at': '2026-04-07T01:08:59Z'}]",-26.917925,150.749127,coal_black,54.82,5989.24
LADBROKE,2025-10-01T00:00:00+10:00,0,0.01,Ladbroke Grove,SA,"[{'code': 'LADBROK2', 'code_display': 'LADBROK2', 'fueltech_id': 'gas_ocgt', 'status_id': 'operating', 'capacity_registered': 40.0, 'capacity_maximum': 50.0, 'emissions_factor_co2': 0.5078, 'data_first_seen': '2000-05-04T13:25:00+08:00', 'data_last_seen': '2026-09-06T00:00:00+08:00', 'dispatch_type': 'GENERATOR', 'commencement_date': '2000-05-03T14:00:00+08:00', 'commencement_date_specificity': 'day', 'expected_closure_date': '2039-12-31T14:00:00+08:00', 'expected_closure_date_specificity': 'year', 'max_generation': 200.11, 'max_generation_interval': '2000-07-09T13:40:00', 'created_at': '2023-10-18T04:35:03Z', 'updated_at': '2026-06-26T03:10:48Z'}, {'code': 'LADBROK1', 'code_display': 'LADBROK1', 'fueltech_id': 'gas_ocgt', 'status_id': 'operating', 'capacity_registered': 40.0, 'capacity_maximum': 50.0, 'emissions_factor_co2': 0.5078, 'data_first_seen': '2000-01-09T16:50:00+08:00', 'data_last_seen': '2026-09-06T00:00:00+08:00', 'dispatch_type': 'GENERATOR', 'commencement_date': '2000-01-10T14:00:00+08:00', 'commencement_date_specificity': 'day', 'expected_closure_date': '2039-12-31T14:00:00+08:00', 'expected_closure_date_specificity': 'year', 'max_generation': 49.84, 'max_generation_interval': '2000-05-18T08:25:00', 'created_at': '2023-10-18T04:35:03Z', 'updated_at': '2026-06-26T03:10:38Z'}]",-37.456341,140.782163,gas_ocgt,8.11,1564.92
LBBESS,2025-10-01T00:00:00+10:00,0,0.15,Lake Bonney,SA,"[{'code': 'LBBG1', 'code_display': '0LBBG1', 'fueltech_id': 'battery_discharging', 'status_id': 'operating', 'capacity_registered': 25.0, 'capacity_maximum': 25.0, 'capacity_storage': 52.0, 'data_first_seen': '2019-10-08T00:05:00+10:00', 'data_last_seen': '2026-09-06T00:00:00+10:00', 'dispatch_type': 'GENERATOR', 'commencement_date': '2019-10-15T14:00:00+10:00', 'commencement_date_specificity': 'day', 'closure_date_specificity': 'day', 'expected_closure_date': '2033-12-31T14:00:00+10:00', 'expected_closure_date_specificity': 'year', 'max_generation': 27.7509, 'max_generation_interval': '2020-08-23T16:25:00', 'created_at': '2023-10-18T04:35:04Z', 'updated_at': '2026-06-26T03:11:37Z'}, {'code': 'LBBL1', 'code_display': '0LBBL1', 'fueltech_id': 'battery_charging', 'status_id': 'operating', 'capacity_registered': 25.0, 'capacity_maximum': 25.0, 'capacity_storage': 52.0, 'data_first_seen': '2019-10-08T00:05:00+10:00', 'data_last_seen': '2026-09-05T23:25:00+10:00', 'dispatch_type': 'LOAD', 'commencement_date': '2019-10-15T14:00:00+10:00', 'commencement_date_specificity': 'day', 'closure_date_specificity': 'day', 'expected_closure_date': '2033-12-31T14:00:00+10:00', 'expected_closure_date_specificity': 'year', 'max_generation': 30.1949, 'max_generation_interval': '2020-01-31T14:40:00', 'created_at': '2023-10-18T04:35:04Z', 'updated_at': '2026-06-26T03:11:21Z'}, {'code': 'LBB1', 'code_display': 'LBB1', 'fueltech_id': 'battery', 'status_id': 'operating', 'capacity_registered': 25.0, 'capacity_maximum': 25.0, 'capacity_storage': 52.0, 'data_first_seen': '2024-09-26T00:05:00+10:00', 'data_last_seen': '2026-09-06T00:00:00+10:00', 'dispatch_type': 'BIDIRECTIONAL', 'commencement_date': '2019-10-15T14:00:00+10:00', 'commencement_date_specificity': 'day', 'expected_closure_date': '2033-12-31T14:00:00+10:00', 'expected_closure_date_specificity': 'year', 'max_generation': 25.0, 'max_generation_interval': '2025-12-16T19:05:00', 'created_at': '2024-10-13T04:15:52Z', 'updated_at': '2026-04-01T00:40:27Z'}]",-37.738979,140.38681,battery_discharging,8.11,1564.92
LEM_WIL,2025-10-01T00:00:00+10:00,0,86.928,Lemonthyme / Wilmot,TAS,"[{'code': 'LEM_WIL', 'code_display': 'LEM_WIL', 'fueltech_id': 'hydro', 'status_id': 'operating', 'capacity_registered': 81.6, 'capacity_maximum': 86.0, 'data_first_seen': '2005-05-16T13:35:00+10:00', 'data_last_seen': '2026-09-06T00:00:00+10:00', 'dispatch_type': 'GENERATOR', 'commencement_date': '1968-12-31T14:00:00+10:00', 'commencement_date_specificity': 'year', 'expected_closure_date': '2099-12-31T14:00:00+10:00', 'expected_closure_date_specificity': 'year', 'max_generation': 89.06, 'max_generation_interval': '2005-09-04T14:45:00', 'created_at': '2023-10-18T04:35:04Z', 'updated_at': '2026-06-26T03:12:04Z'}]",-41.603738,146.13894,hydro,0.12,898.71
LGAPWF1,2025-10-01T00:00:00+10:00,0,49.33,Lincoln Gap,SA,"[{'code': 'LGAPBS1', 'code_display': 'LGAPBS1', 'fueltech_id': 'battery', 'status_id': 'commissioning', 'capacity_registered': 10.8, 'capacity_maximum': 13.0, 'capacity_storage': 10.0, 'data_first_seen': '2025-10-28T00:05:00+10:00', 'data_last_seen': '2026-09-06T00:00:00+10:00', 'dispatch_type': 'BIDIRECTIONAL', 'commencement_date': '2019-05-31T14:00:00+10:00', 'commencement_date_specificity': 'month', 'expected_operation_date': '2026-02-28T14:00:00+10:00', 'expected_operation_date_specificity': 'month', 'expected_closure_date': '2044-12-31T14:00:00+10:00', 'expected_closure_date_specificity': 'year', 'max_generation': 9.39, 'max_generation_interval': '2026-05-27T09:25:00', 'created_at': '2026-02-25T23:46:14Z', 'updated_at': '2026-02-26T01:17:22Z'}, {'code': 'LGAPWF1', 'code_display': 'LGAPWF1', 'fueltech_id': 'wind', 'status_id': 'operating', 'capacity_registered': 126.0, 'capacity_maximum': 123.0, 'data_first_seen': '2019-03-19T00:05:00+10:00', 'data_last_seen': '2026-09-06T00:00:00+10:00', 'dispatch_type': 'GENERATOR', 'commencement_date': '2019-04-30T14:00:00+10:00', 'commencement_date_specificity': 'day', 'expected_closure_date': '2044-12-31T14:00:00+10:00', 'expected_closure_date_specificity': 'year', 'max_generation': 167.12, 'max_generation_interval': '2021-08-20T12:10:00', 'created_at': '2023-10-18T04:35:04Z', 'updated_at': '2026-06-26T03:12:20Z'}, {'code': 'LGAPBSG1', 'code_display': '0LGAPBSG1', 'fueltech_id': 'battery_discharging', 'status_id': 'operating', 'capacity_registered': 10.8, 'capacity_maximum': 9.0, 'capacity_storage': 10.0, 'data_first_seen': '2026-02-25T00:10:00+10:00', 'data_last_seen': '2026-09-06T00:00:00+10:00', 'dispatch_type': 'GENERATOR', 'commencement_date': '2019-05-31T14:00:00+10:00', 'commencement_date_specificity': 'month', 'expected_operation_date': '2026-02-28T14:00:00+10:00', 'expected_operation_date_specificity': 'month', 'expected_closure_date': '2044-12-31T14:00:00+10:00', 'expected_closure_date_specificity': 'year', 'max_generation': 9.39, 'max_generation_interval': '2026-05-27T09:25:00', 'created_at': '2026-02-25T23:48:50Z', 'updated_at': '2026-06-26T03:13:11Z'}, {'code': 'LGAPWF2', 'code_display': 'LGAPWF2', 'fueltech_id': 'wind', 'status_id': 'operating', 'capacity_registered': 86.0, 'capacity_maximum': 85.0, 'data_first_seen': '2021-12-14T00:05:00+10:00', 'data_last_seen': '2026-09-06T00:00:00+10:00', 'dispatch_type': 'GENERATOR', 'commencement_date': '2021-12-13T14:00:00+10:00', 'commencement_date_specificity': 'day', 'expected_closure_date': '2044-12-31T14:00:00+10:00', 'expected_closure_date_specificity': 'year', 'max_generation': 85.53, 'max_generation_interval': '2026-07-02T07:55:00', 'created_at': '2023-10-18T04:35:04Z', 'updated_at': '2026-06-26T03:12:33Z'}, {'code': 'LGAPBSL1', 'code_display': '0LGAPBSL1', 'fueltech_id': 'battery_charging', 'status_id': 'commissioning', 'capacity_registered': 10.8, 'capacity_maximum': 13.0, 'capacity_storage': 10.0, 'data_first_seen': '2026-02-26T08:35:00+10:00', 'data_last_seen': '2026-08-26T12:40:00+10:00', 'dispatch_type': 'LOAD', 'commencement_date': '2019-05-31T14:00:00+10:00', 'commencement_date_specificity': 'month', 'expected_operation_date': '2026-02-28T14:00:00+10:00', 'expected_operation_date_specificity': 'month', 'expected_closure_date': '2044-12-31T14:00:00+10:00', 'expected_closure_date_specificity': 'year', 'max_generation': 9.72, 'max_generation_interval': '2026-05-22T12:10:00', 'created_at': '2026-02-25T23:50:13Z', 'updated_at': '2026-06-26T03:12:59Z'}]",-32.564612,137.557203,battery,8.11,1564.92
LI_WY_CA,2025-10-01T00:00:00+10:00,0,154.484,Catagunya / Liapootah / Wayatinah,TAS,"[{'code': 'LI_WY_CA', 'code_display': 'LI_WY_CA', 'fueltech_id': 'hydro', 'status_id': 'operating', 'capacity_registered': 173.7, 'capacity_maximum': 192.0, 'data_first_seen': '2005-05-16T13:35:00+10:00', 'data_last_seen': '2026-09-06T00:00:00+10:00', 'dispatch_type': 'GENERATOR', 'commencement_date': '1956-12-31T14:00:00+10:00', 'commencement_date_specificity': 'year', 'expected_closure_date': '2099-12-31T14:00:00+10:00', 'expected_closure_date_specificity': 'year', 'max_generation': 183.7836, 'max_generation_interval': '2024-09-20T08:20:00', 'created_at': '2023-10-18T04:35:04Z', 'updated_at': '2026-06-26T03:23:01Z'}, {'code': 'CATAGUN1', 'code_display': 'CATAGUN1', 'fueltech_id': 'distillate', 'status_id': 'retired', 'capacity_registered': 24.0, 'emissions_factor_co2': 0.972, 'data_first_seen': '2016-03-10T10:15:00+10:00', 'data_last_seen': '2016-06-27T00:00:00+10:00', 'dispatch_type': 'GENERATOR', 'commencement_date': '2016-03-12T14:00:00+10:00', 'commencement_date_specificity': 'day', 'closure_date': '2016-04-30T14:00:00+10:00', 'closure_date_specificity': 'month', 'expected_closure_date': '2016-04-30T14:00:00+10:00', 'expected_closure_date_specificity': 'month', 'max_generation': 20.55, 'max_generation_interval': '2016-04-29T01:55:00', 'created_at': '2023-10-18T04:35:04Z', 'updated_at': '2025-06-23T06:56:04Z'}]",-42.376279,146.510051,hydro,0.12,898.71
LKBONNY1,2025-10-01T00:00:00+10:00,0,41.975,Lake Bonney,SA,"[{'code': 'LKBONNY1', 'code_display': 'LKBONNY1', 'fueltech_id': 'wind', 'status_id': 'operating', 'capacity_registered': 80.5, 'capacity_maximum': 81.0, 'data_first_seen': '2009-07-01T00:05:00+10:00', 'data_last_seen': '2026-09-06T00:00:00+10:00', 'dispatch_type': 'GENERATOR', 'commencement_date': '2009-06-30T14:00:00+10:00', 'commencement_date_specificity': 'day', 'expected_closure_date': '2034-12-31T14:00:00+10:00', 'expected_closure_date_specificity': 'year', 'max_generation': 81.1822, 'max_generation_interval': '2021-07-17T15:25:00', 'created_at': '2023-10-18T04:35:04Z', 'updated_at': '2026-06-29T06:02:28Z'}]",-37.769885,140.406271,wind,8.11,1564.92
LKBONNY3,2025-10-01T00:00:00+10:00,0,16.747,Lake Bonney 3,SA,"[{'code': 'LKBONNY3', 'code_display': 'LKBONNY3', 'fueltech_id': 'wind', 'status_id': 'operating', 'capacity_registered': 39.0, 'capacity_maximum': 39.0, 'data_first_seen': '2010-07-02T00:05:00+10:00', 'data_last_seen': '2026-09-06T00:00:00+10:00', 'dispatch_type': 'GENERATOR', 'commencement_date': '2010-07-02T14:00:00+10:00', 'commencement_date_specificity': 'day', 'expected_closure_date': '2039-12-31T14:00:00+10:00', 'expected_closure_date_specificity': 'year', 'max_generation': 39.1312, 'max_generation_interval': '2017-07-17T15:00:00', 'created_at': '2023-10-18T04:35:04Z', 'updated_at': '2026-06-29T06:03:16Z'}]",-37.769885,140.406271,wind,8.11,1564.92
LKBONNY_2,2025-10-01T00:00:00+10:00,0,87.009,Lake Bonney 2,SA,"[{'code': 'LKBONNY2', 'code_display': 'LKBONNY2', 'fueltech_id': 'wind', 'status_id': 'operating', 'capacity_registered': 159.0, 'capacity_maximum': 159.0, 'data_first_seen': '2007-05-31T10:55:00+10:00', 'data_last_seen': '2026-09-06T00:00:00+10:00', 'dispatch_type': 'GENERATOR', 'commencement_date': '2007-05-31T14:00:00+10:00', 'commencement_date_specificity': 'day', 'expected_closure_date': '2037-12-31T14:00:00+10:00', 'expected_closure_date_specificity': 'year', 'max_generation': 169.2214, 'max_generation_interval': '2009-10-15T16:15:00', 'created_at': '2023-10-18T04:35:06Z', 'updated_at': '2026-06-29T06:03:07Z'}]",-37.769885,140.406271,wind,8.11,1564.92
LOYYANGA,2025-10-01T00:00:00+10:00,41.018,415,Loy Yang A,VIC,"[{'code': 'LYA1', 'code_display': 'LYA1', 'fueltech_id': 'coal_brown', 'status_id': 'operating', 'capacity_registered': 560.0, 'capacity_maximum': 590.0, 'emissions_factor_co2': 1.18, 'data_first_seen': '1998-12-07T02:40:00+10:00', 'data_last_seen': '2026-09-06T00:00:00+10:00', 'dispatch_type': 'GENERATOR', 'commencement_date': '1983-12-31T14:00:00+10:00', 'commencement_date_specificity': 'year', 'expected_closure_date': '2034-12-31T14:00:00+10:00', 'expected_closure_date_specificity': 'year', 'max_generation': 599.4, 'max_generation_interval': '2003-11-11T09:05:00', 'created_at': '2023-10-18T04:35:06Z', 'updated_at': '2026-06-30T04:39:21Z'}, {'code': 'LYA3', 'code_display': 'LYA3', 'fueltech_id': 'coal_brown', 'status_id': 'operating', 'capacity_registered': 560.0, 'capacity_maximum': 590.0, 'emissions_factor_co2': 1.18, 'data_first_seen': '1998-12-07T02:40:00+10:00', 'data_last_seen': '2026-09-06T00:00:00+10:00', 'dispatch_type': 'GENERATOR', 'commencement_date': '1986-12-31T14:00:00+10:00', 'commencement_date_specificity': 'year', 'expected_closure_date': '2034-12-31T14:00:00+10:00', 'expected_closure_date_specificity': 'year', 'max_generation': 598.2, 'max_generation_interval': '2007-06-04T20:10:00', 'created_at': '2023-10-18T04:35:06Z', 'updated_at': '2026-06-30T04:39:40Z'}, {'code': 'LYA2', 'code_display': 'LYA2', 'fueltech_id': 'coal_brown', 'status_id': 'operating', 'capacity_registered': 530.0, 'capacity_maximum': 535.0, 'emissions_factor_co2': 1.18, 'data_first_seen': '1998-12-07T02:40:00+10:00', 'data_last_seen': '2026-09-06T00:00:00+10:00', 'dispatch_type': 'GENERATOR', 'commencement_date': '1983-12-31T14:00:00+10:00', 'commencement_date_specificity': 'year', 'expected_closure_date': '2034-12-31T14:00:00+10:00', 'expected_closure_date_specificity': 'year', 'max_generation': 540.0, 'max_generation_interval': '2019-04-13T23:30:00', 'created_at': '2023-10-18T04:35:06Z', 'updated_at': '2026-06-30T04:39:31Z'}, {'code': 'LYA4', 'code_display': 'LYA4', 'fueltech_id': 'coal_brown', 'status_id': 'operating', 'capacity_registered': 560.0, 'capacity_maximum': 580.0, 'emissions_factor_co2': 1.18, 'data_first_seen': '1998-12-07T02:40:00+10:00', 'data_last_seen': '2026-09-06T00:00:00+10:00', 'dispatch_type': 'GENERATOR', 'commencement_date': '1986-12-31T14:00:00+10:00', 'commencement_date_specificity': 'year', 'expected_closure_date': '2034-12-31T14:00:00+10:00', 'expected_closure_date_specificity': 'year', 'max_generation': 588.6, 'max_generation_interval': '2009-02-03T19:55:00', 'created_at': '2023-10-18T04:35:06Z', 'updated_at': '2026-06-30T04:39:48Z'}]",-38.253534,146.574459,coal_brown,8.95,4893.49
LOYYB,2025-10-01T00:00:00+10:00,42.051,451.5,Loy Yang B,VIC,"[{'code': 'LOYYB1', 'code_display': 'LOYYB1', 'fueltech_id': 'coal_brown', 'status_id': 'operating', 'capacity_registered': 500.0, 'capacity_maximum': 600.0, 'emissions_factor_co2': 1.1223, 'data_first_seen': '1998-12-07T02:40:00+10:00', 'data_last_seen': '2026-09-06T00:00:00+10:00', 'dispatch_type': 'GENERATOR', 'commencement_date': '1992-12-31T14:00:00+10:00', 'commencement_date_specificity': 'year', 'expected_closure_date': '2046-12-31T14:00:00+10:00', 'expected_closure_date_specificity': 'year', 'max_generation': 595.4886, 'max_generation_interval': '2022-03-24T10:20:00', 'created_at': '2023-10-18T04:35:06Z', 'updated_at': '2026-06-26T03:25:06Z'}, {'code': 'LOYYB2', 'code_display': 'LOYYB2', 'fueltech_id': 'coal_brown', 'status_id': 'operating', 'capacity_registered': 500.0, 'capacity_maximum': 600.0, 'emissions_factor_co2': 1.1223, 'data_first_seen': '1998-12-07T02:40:00+10:00', 'data_last_seen': '2026-09-06T00:00:00+10:00', 'dispatch_type': 'GENERATOR', 'commencement_date': '1995-12-31T14:00:00+10:00', 'commencement_date_specificity': 'year', 'expected_closure_date': '2046-12-31T14:00:00+10:00', 'expected_closure_date_specificity': 'year', 'max_generation': 600.0, 'max_generation_interval': '2019-07-22T06:40:00', 'created_at': '2023-10-18T04:35:06Z', 'updated_at': '2026-06-26T03:25:15Z'}]",-38.256446,146.584982,coal_brown,8.95,4893.49
LVES,2025-10-01T00:00:00+10:00,0,0.5,Latrobe Valley,VIC,"[{'code': 'LVESL1', 'code_display': '0LVESL1', 'fueltech_id': 'battery_charging', 'status_id': 'operating', 'capacity_registered': 140.0, 'capacity_maximum': 100.0, 'capacity_storage': 200.0, 'data_first_seen': '2025-04-08T09:35:00+10:00', 'data_last_seen': '2026-09-05T23:55:00+10:00', 'dispatch_type': 'LOAD', 'commencement_date': '2025-04-08T14:00:00+10:00', 'commencement_date_specificity': 'day', 'expected_operation_date': '2025-06-30T14:00:00+10:00', 'expected_operation_date_specificity': 'month', 'expected_closure_date': '2044-12-31T14:00:00+10:00', 'expected_closure_date_specificity': 'year', 'max_generation': 101.28, 'max_generation_interval': '2025-06-27T12:00:00', 'created_at': '2025-02-14T03:50:59Z', 'updated_at': '2026-06-26T00:38:01Z'}, {'code': 'LVES1', 'code_display': 'LVES1', 'fueltech_id': 'battery', 'status_id': 'operating', 'capacity_registered': 140.0, 'capacity_maximum': 100.0, 'capacity_storage': 200.0, 'data_first_seen': '2025-04-08T00:05:00+10:00', 'data_last_seen': '2026-09-06T00:00:00+10:00', 'dispatch_type': 'BIDIRECTIONAL', 'commencement_date': '2025-04-08T14:00:00+10:00', 'commencement_date_specificity': 'day', 'expected_operation_date': '2025-06-30T14:00:00+10:00', 'expected_operation_date_specificity': 'month', 'expected_closure_date': '2044-12-31T14:00:00+10:00', 'expected_closure_date_specificity': 'year', 'max_generation': 100.87, 'max_generation_interval': '2025-06-04T09:35:00', 'created_at': '2024-12-02T00:06:39Z', 'updated_at': '2026-02-25T00:52:50Z'}, {'code': 'LVESG1', 'code_display': '0LVESG1', 'fueltech_id': 'battery_discharging', 'status_id': 'operating', 'capacity_registered': 140.0, 'capacity_maximum': 100.0, 'capacity_storage': 200.0, 'data_first_seen': '2025-04-08T00:05:00+10:00', 'data_last_seen': '2026-09-06T00:00:00+10:00', 'dispatch_type': 'GENERATOR', 'commencement_date': '2025-04-08T14:00:00+10:00', 'commencement_date_specificity': 'day', 'expected_operation_date': '2025-06-30T14:00:00+10:00', 'expected_operation_date_specificity': 'month', 'expected_closure_date': '2044-12-31T14:00:00+10:00', 'expected_closure_date_specificity': 'year', 'max_generation': 100.87, 'max_generation_interval': '2025-06-04T09:35:00', 'created_at': '2025-02-14T03:53:52Z', 'updated_at': '2026-06-26T00:37:50Z'}]",-38.258183,146.418614,battery_charging,8.95,4893.49
MACARTH,2025-10-01T00:00:00+10:00,0,126.2,Macarthur,VIC,"[{'code': 'MACARTH1', 'code_display': 'MACARTH1', 'fueltech_id': 'wind', 'status_id': 'operating', 'capacity_registered': 420.0, 'capacity_maximum': 420.0, 'data_first_seen': '2012-08-21T00:05:00+10:00', 'data_last_seen': '2026-09-06T00:00:00+10:00', 'dispatch_type': 'GENERATOR', 'commencement_date': '2012-09-27T14:00:00+10:00', 'commencement_date_specificity': 'day', 'expected_closure_date': '2037-12-31T14:00:00+10:00', 'expected_closure_date_specificity': 'year', 'max_generation': 426.46, 'max_generation_interval': '2013-10-02T12:15:00', 'created_at': '2023-10-18T04:35:07Z', 'updated_at': '2026-02-19T03:36:59Z'}]",-38.036376,142.181753,wind,8.95,4893.49
MACKNTSH,2025-10-01T00:00:00+10:00,0,51.81,Mackintosh,TAS,"[{'code': 'MACKNTSH', 'code_display': 'MACKNTSH', 'fueltech_id': 'hydro', 'status_id': 'operating', 'capacity_registered': 79.9, 'capacity_maximum': 89.0, 'data_first_seen': '2005-05-16T13:35:00+10:00', 'data_last_seen': '2026-09-06T00:00:00+10:00', 'dispatch_type': 'GENERATOR', 'commencement_date': '1981-12-31T14:00:00+10:00', 'commencement_date_specificity': 'year', 'expected_closure_date': '2099-12-31T14:00:00+10:00', 'expected_closure_date_specificity': 'year', 'max_generation': 90.81, 'max_generation_interval': '2013-10-17T16:00:00', 'created_at': '2023-10-18T04:35:07Z', 'updated_at': '2026-06-26T03:26:15Z'}]",-41.69974,145.646154,hydro,0.12,898.71
MANNUMB,2025-10-01T00:00:00+10:00,0,0.18,Mannum,SA,"[{'code': 'MANNUMB1', 'code_display': 'MANNUMB1', 'fueltech_id': 'battery', 'status_id': 'operating', 'capacity_registered': 131.7, 'capacity_maximum': 100.0, 'capacity_storage': 200.0, 'data_first_seen': '2025-05-13T00:05:00+10:00', 'data_last_seen': '2026-09-06T00:00:00+10:00', 'dispatch_type': 'BIDIRECTIONAL', 'commencement_date': '2025-05-12T14:00:00+10:00', 'commencement_date_specificity': 'day', 'expected_operation_date': '2025-08-31T14:00:00+10:00', 'expected_operation_date_specificity': 'month', 'expected_closure_date': '2043-12-31T14:00:00+10:00', 'expected_closure_date_specificity': 'year', 'max_generation': 102.86, 'max_generation_interval': '2025-10-15T20:25:00', 'created_at': '2025-01-17T00:10:29Z', 'updated_at': '2026-04-10T03:00:07Z'}, {'code': 'MANNUMBL1', 'code_display': '0MANNUMBL1', 'fueltech_id': 'battery_charging', 'status_id': 'operating', 'capacity_registered': 131.7, 'capacity_maximum': 100.0, 'capacity_storage': 200.0, 'data_first_seen': '2025-05-13T00:05:00+10:00', 'data_last_seen': '2026-09-05T23:55:00+10:00', 'dispatch_type': 'LOAD', 'commencement_date': '2025-05-12T14:00:00+10:00', 'commencement_date_specificity': 'day', 'expected_operation_date': '2025-08-31T14:00:00+10:00', 'expected_operation_date_specificity': 'month', 'expected_closure_date': '2043-12-31T14:00:00+10:00', 'expected_closure_date_specificity': 'year', 'max_generation': 104.68, 'max_generation_interval': '2026-06-11T06:10:00', 'created_at': '2025-03-19T02:47:53Z', 'updated_at': '2026-06-26T00:49:39Z'}, {'code': 'MANNUMBG1', 'code_display': '0MANNUMBG1', 'fueltech_id': 'battery_discharging', 'status_id': 'operating', 'capacity_registered': 131.7, 'capacity_maximum': 100.0, 'capacity_storage': 200.0, 'data_first_seen': '2025-05-13T07:10:00+10:00', 'data_last_seen': '2026-09-06T00:00:00+10:00', 'dispatch_type': 'GENERATOR', 'commencement_date': '2025-05-12T14:00:00+10:00', 'commencement_date_specificity': 'day', 'expected_operation_date': '2025-08-31T14:00:00+10:00', 'expected_operation_date_specificity': 'month', 'expected_closure_date': '2043-12-31T14:00:00+10:00', 'expected_closure_date_specificity': 'year', 'max_generation': 102.86, 'max_generation_interval': '2025-10-15T20:25:00', 'created_at': '2025-03-19T02:51:39Z', 'updated_at': '2026-06-26T00:49:53Z'}]",-34.917537,139.262695,battery,8.11,1564.92
MBAHNTH,2025-10-01T00:00:00+10:00,1.06,20.2,Moranbah North,QLD,"[{'code': 'MBAHNTH', 'code_display': 'MBAHNTH', 'fueltech_id': 'gas_wcmg', 'status_id': 'operating', 'capacity_registered': 63.42, 'capacity_maximum': 63.0, 'emissions_factor_co2': 0.6378, 'data_first_seen': '2014-10-21T00:05:00+10:00', 'data_last_seen': '2026-09-06T00:00:00+10:00', 'dispatch_type': 'GENERATOR', 'commencement_date': '2007-12-31T14:00:00+10:00', 'commencement_date_specificity': 'year', 'expected_closure_date': '2037-12-31T14:00:00+10:00', 'expected_closure_date_specificity': 'year', 'max_generation': 59.925, 'max_generation_interval': '2020-04-20T18:30:00', 'created_at': '2023-10-18T04:35:07Z', 'updated_at': '2026-07-15T02:24:10Z'}]",-21.978481,148.004809,gas_wcmg,54.82,5989.24
MCINTYR,2025-10-01T00:00:00+10:00,0,139.076,MacIntyre,QLD,"[{'code': 'MCINTYR1', 'code_display': 'MCINTYR1', 'fueltech_id': 'wind', 'status_id': 'commissioning', 'capacity_registered': 923.0, 'capacity_maximum': 890.0, 'data_first_seen': '2024-08-13T00:05:00+10:00', 'data_last_seen': '2026-09-06T00:00:00+10:00', 'dispatch_type': 'GENERATOR', 'commencement_date': '2024-10-03T14:00:00+10:00', 'commencement_date_specificity': 'day', 'expected_closure_date': '2053-12-31T14:00:00+10:00', 'expected_closure_date_specificity': 'year', 'max_generation': 545.817, 'max_generation_interval': '2026-08-18T21:55:00', 'created_at': '2024-10-01T04:29:41Z', 'updated_at': '2026-08-10T06:30:44Z'}]",-28.350769,151.635944,wind,54.82,5989.24
MCKAY,2025-10-01T00:00:00+10:00,0,0.02,Bogong / Mackay,VIC,"[{'code': 'MCKAY1', 'code_display': 'MCKAY1', 'fueltech_id': 'hydro', 'status_id': 'operating', 'capacity_registered': 300.0, 'capacity_maximum': 300.0, 'data_first_seen': '1998-12-07T06:35:00+10:00', 'data_last_seen': '2026-09-06T00:00:00+10:00', 'dispatch_type': 'GENERATOR', 'commencement_date': '1959-12-31T14:00:00+10:00', 'commencement_date_specificity': 'year', 'expected_closure_date': '2056-12-31T14:00:00+10:00', 'expected_closure_date_specificity': 'year', 'max_generation': 312.155, 'max_generation_interval': '2015-05-25T17:25:00', 'created_at': '2023-10-18T04:35:08Z', 'updated_at': '2026-06-26T03:33:35Z'}, {'code': 'MCKAY2', 'code_display': 'MCKAY2', 'fueltech_id': 'hydro', 'status_id': 'retired', 'capacity_registered': 53.0, 'data_first_seen': '1998-12-07T06:35:00+10:00', 'data_last_seen': '2009-09-22T10:00:00+10:00', 'dispatch_type': 'GENERATOR', 'commencement_date': '1959-12-31T14:00:00+10:00', 'commencement_date_specificity': 'year', 'closure_date': '2009-08-31T14:00:00+10:00', 'closure_date_specificity': 'year', 'expected_closure_date': '2009-08-31T14:00:00+10:00', 'expected_closure_date_specificity': 'month', 'max_generation': 75.46, 'max_generation_interval': '2004-10-17T17:35:00', 'created_at': '2023-10-18T04:35:08Z', 'updated_at': '2026-02-18T23:02:17Z'}]",-36.858282,147.234146,hydro,8.95,4893.49
MEADOWBK,2025-10-01T00:00:00+10:00,0,43.442,Meadowbank,TAS,"[{'code': 'MEADOWBK', 'code_display': 'MEADOWBK', 'fueltech_id': 'hydro', 'status_id': 'operating', 'capacity_registered': 40.0, 'capacity_maximum': 44.0, 'data_first_seen': '2005-05-16T13:35:00+10:00', 'data_last_seen': '2026-09-06T00:00:00+10:00', 'dispatch_type': 'GENERATOR', 'commencement_date': '1966-12-31T14:00:00+10:00', 'commencement_date_specificity': 'year', 'expected_closure_date': '2099-12-31T14:00:00+10:00', 'expected_closure_date_specificity': 'year', 'max_generation': 44.6705, 'max_generation_interval': '2024-09-05T17:15:00', 'created_at': '2023-10-18T04:35:08Z', 'updated_at': '2026-06-26T03:33:54Z'}, {'code': 'MEADOWB2', 'code_display': 'MEADOWB2', 'fueltech_id': 'distillate', 'status_id': 'retired', 'capacity_registered': 24.0, 'emissions_factor_co2': 0.972, 'data_first_seen': '2016-03-18T00:05:00+10:00', 'data_last_seen': '2016-06-27T00:00:00+10:00', 'dispatch_type': 'GENERATOR', 'commencement_date': '2016-03-31T14:00:00+10:00', 'commencement_date_specificity': 'day', 'closure_date': '2016-04-30T14:00:00+10:00', 'closure_date_specificity': 'month', 'expected_closure_date': '2016-04-30T14:00:00+10:00', 'expected_closure_date_specificity': 'month', 'max_generation': 22.03, 'max_generation_interval': '2016-04-27T02:15:00', 'created_at': '2023-10-18T04:35:08Z', 'updated_at': '2024-11-25T04:04:30Z'}]",-42.611178,146.845687,hydro,0.12,898.71
MEWF,2025-10-01T00:00:00+10:00,0,49.5,Mt Emerald,QLD,"[{'code': 'MEWF1', 'code_display': 'MEWF1', 'fueltech_id': 'wind', 'status_id': 'operating', 'capacity_registered': 180.0, 'capacity_maximum': 178.0, 'data_first_seen': '2018-08-14T00:05:00+10:00', 'data_last_seen': '2026-09-06T00:00:00+10:00', 'dispatch_type': 'GENERATOR', 'commencement_date': '2018-08-20T14:00:00+10:00', 'commencement_date_specificity': 'day', 'expected_closure_date': '2042-12-31T14:00:00+10:00', 'expected_closure_date_specificity': 'year', 'max_generation': 191.4962, 'max_generation_interval': '2024-10-10T11:55:00', 'created_at': '2023-10-18T04:35:08Z', 'updated_at': '2026-06-26T03:34:20Z'}]",-17.170847,145.38046,wind,54.82,5989.24
MILLMERN,2025-10-01T00:00:00+10:00,30.13,0,Millmerran,QLD,"[{'code': 'MPP_1', 'code_display': 'MPP_1', 'fueltech_id': 'coal_black', 'status_id': 'operating', 'capacity_registered': 426.0, 'capacity_maximum': 435.0, 'emissions_factor_co2': 0.8373, 'data_first_seen': '2001-05-15T08:55:00+10:00', 'data_last_seen': '2026-09-06T00:00:00+10:00', 'dispatch_type': 'GENERATOR', 'commencement_date': '2001-11-09T14:00:00+10:00', 'commencement_date_specificity': 'day', 'expected_closure_date': '2050-12-31T14:00:00+10:00', 'expected_closure_date_specificity': 'year', 'max_generation': 462.6773, 'max_generation_interval': '2023-05-29T05:20:00', 'created_at': '2023-10-18T04:35:08Z', 'updated_at': '2026-06-26T03:34:37Z'}, {'code': 'MPP_2', 'code_display': 'MPP_2', 'fueltech_id': 'coal_black', 'status_id': 'operating', 'capacity_registered': 426.0, 'capacity_maximum': 435.0, 'emissions_factor_co2': 0.8373, 'data_first_seen': '2001-08-15T09:35:00+10:00', 'data_last_seen': '2026-09-06T00:00:00+10:00', 'dispatch_type': 'GENERATOR', 'commencement_date': '2002-12-31T14:00:00+10:00', 'commencement_date_specificity': 'day', 'expected_closure_date': '2050-12-31T14:00:00+10:00', 'expected_closure_date_specificity': 'year', 'max_generation': 458.191, 'max_generation_interval': '2022-04-09T16:05:00', 'created_at': '2023-10-18T04:35:08Z', 'updated_at': '2026-06-26T03:34:48Z'}]",-27.961319,151.277699,coal_black,54.82,5989.24
MINTARO,2025-10-01T00:00:00+10:00,0.006,0.085,Mintaro,SA,"[{'code': 'MINTARO', 'code_display': 'MINTARO', 'fueltech_id': 'gas_ocgt', 'status_id': 'operating', 'capacity_registered': 90.0, 'capacity_maximum': 105.0, 'emissions_factor_co2': 0.8589, 'data_first_seen': '1998-12-07T03:05:00+10:00', 'data_last_seen': '2026-09-06T00:00:00+10:00', 'dispatch_type': 'GENERATOR', 'commencement_date': '1989-12-31T14:00:00+10:00', 'commencement_date_specificity': 'year', 'expected_closure_date': '2029-12-31T14:00:00+10:00', 'expected_closure_date_specificity': 'year', 'max_generation': 107.7419, 'max_generation_interval': '2014-08-03T18:20:00', 'created_at': '2023-10-18T04:35:08Z', 'updated_at': '2026-06-26T03:35:26Z'}, {'code': 'MINTNL1', 'code_display': 'MINTNL1', 'fueltech_id': 'gas_ocgt', 'status_id': 'operating', 'capacity_registered': 25.0, 'emissions_factor_co2': 0.8589, 'dispatch_type': 'GENERATOR', 'commencement_date': '1989-12-31T14:00:00Z', 'commencement_date_specificity': 'year', 'expected_closure_date': '2029-12-31T14:00:00Z', 'expected_closure_date_specificity': 'year', 'created_at': '2023-10-18T04:35:08Z', 'updated_at': '2024-12-20T00:24:37Z'}]",-33.903056,138.738162,gas_ocgt,8.11,1564.92
MLSP,2025-10-01T00:00:00+10:00,0,0.013,Mugga Lane,NSW,"[{'code': 'MLSP1', 'code_display': 'MLSP1', 'fueltech_id': 'solar_utility', 'status_id': 'operating', 'capacity_registered': 12.0, 'capacity_maximum': 12.0, 'data_first_seen': '2016-11-16T13:20:00+10:00', 'data_last_seen': '2026-09-06T00:00:00+10:00', 'dispatch_type': 'GENERATOR', 'commencement_date': '2016-11-16T14:00:00+10:00', 'commencement_date_specificity': 'day', 'expected_closure_date': '2040-12-31T14:00:00+10:00', 'expected_closure_date_specificity': 'year', 'max_generation': 1356.0, 'max_generation_interval': '2016-11-18T13:25:00', 'created_at': '2023-10-18T04:35:08Z', 'updated_at': '2026-06-26T03:35:46Z'}]",-35.399485,149.1454,solar_utility,56.98,7105.57
MLWF,2025-10-01T00:00:00+10:00,0,11.55,Mortons Lane,VIC,"[{'code': 'MLWF1', 'code_display': 'MLWF1', 'fueltech_id': 'wind', 'status_id': 'operating', 'capacity_registered': 19.5, 'capacity_maximum': 20.0, 'data_first_seen': '2012-11-09T15:30:00+10:00', 'data_last_seen': '2026-09-06T00:00:00+10:00', 'dispatch_type': 'GENERATOR', 'commencement_date': '2012-11-13T14:00:00+10:00', 'commencement_date_specificity': 'day', 'expected_closure_date': '2034-12-31T14:00:00+10:00', 'expected_closure_date_specificity': 'year', 'max_generation': 20.085, 'max_generation_interval': '2013-01-08T17:35:00', 'created_at': '2023-10-18T04:35:09Z', 'updated_at': '2026-06-26T03:36:08Z'}]",-37.839273,142.464343,wind,8.95,4893.49
MOORAWF1,2025-10-01T00:00:00+10:00,0,248.89,Moorabool,VIC,"[{'code': 'MOORAWF1', 'code_display': 'MOORAWF1', 'fueltech_id': 'wind', 'status_id': 'operating', 'capacity_registered': 312.0, 'capacity_maximum': 305.0, 'data_first_seen': '2020-11-19T00:05:00+10:00', 'data_last_seen': '2026-09-06T00:00:00+10:00', 'dispatch_type': 'GENERATOR', 'commencement_date': '2020-11-18T14:00:00+10:00', 'commencement_date_specificity': 'day', 'expected_closure_date': '2043-12-31T14:00:00+10:00', 'expected_closure_date_specificity': 'year', 'max_generation': 308.82, 'max_generation_interval': '2026-06-03T20:30:00', 'created_at': '2023-10-18T04:35:09Z', 'updated_at': '2026-06-29T05:34:35Z'}]",-37.698975,144.173829,wind,8.95,4893.49
MP,2025-10-01T00:00:00+10:00,32.379,448.847,Mt Piper,NSW,"[{'code': 'MP2', 'code_display': 'MP2', 'fueltech_id': 'coal_black', 'status_id': 'operating', 'capacity_registered': 700.0, 'capacity_maximum': 700.0, 'emissions_factor_co2': 0.8691, 'data_first_seen': '1998-12-07T02:40:00+10:00', 'data_last_seen': '2026-09-06T00:00:00+10:00', 'dispatch_type': 'GENERATOR', 'commencement_date': '1991-12-31T14:00:00+10:00', 'commencement_date_specificity': 'year', 'expected_closure_date': '2039-12-31T14:00:00+10:00', 'expected_closure_date_specificity': 'year', 'max_generation': 728.0555, 'max_generation_interval': '2009-11-17T11:10:00', 'created_at': '2023-10-18T04:35:09Z', 'updated_at': '2026-06-26T03:37:56Z'}, {'code': 'MP1', 'code_display': 'MP1', 'fueltech_id': 'coal_black', 'status_id': 'operating', 'capacity_registered': 700.0, 'capacity_maximum': 700.0, 'emissions_factor_co2': 0.8691, 'data_first_seen': '1998-12-07T02:40:00+10:00', 'data_last_seen': '2026-09-06T00:00:00+10:00', 'dispatch_type': 'GENERATOR', 'commencement_date': '1992-12-31T14:00:00+10:00', 'commencement_date_specificity': 'year', 'expected_closure_date': '2039-12-31T14:00:00+10:00', 'expected_closure_date_specificity': 'year', 'max_generation': 751.6, 'max_generation_interval': '2022-07-29T20:00:00', 'created_at': '2023-10-18T04:35:09Z', 'updated_at': '2026-06-26T03:37:39Z'}]",-33.358121,150.032642,coal_black,56.98,7105.57
MRTLSWF,2025-10-01T00:00:00+10:00,0,89.57,Mortlake South,VIC,"[{'code': 'MRTLSWF1', 'code_display': 'MRTLSWF1', 'fueltech_id': 'wind', 'status_id': 'operating', 'capacity_registered': 157.5, 'capacity_maximum': 153.0, 'data_first_seen': '2022-06-28T00:05:00+10:00', 'data_last_seen': '2026-09-06T00:00:00+10:00', 'dispatch_type': 'GENERATOR', 'commencement_date': '2022-10-25T14:00:00+10:00', 'commencement_date_specificity': 'day', 'expected_closure_date': '2046-12-31T14:00:00+10:00', 'expected_closure_date_specificity': 'year', 'max_generation': 155.55, 'max_generation_interval': '2026-09-05T12:30:00', 'created_at': '2023-10-18T04:35:10Z', 'updated_at': '2026-08-10T05:43:23Z'}]",-38.146832,142.853134,wind,8.95,4893.49
MTGELWF,2025-10-01T00:00:00+10:00,0,59.523,Mt Gellibrand,VIC,"[{'code': 'MTGELWF1', 'code_display': 'MTGELWF1', 'fueltech_id': 'wind', 'status_id': 'commissioning', 'capacity_registered': 138.0, 'capacity_maximum': 132.0, 'data_first_seen': '2018-06-01T00:05:00+10:00', 'data_last_seen': '2026-09-06T00:00:00+10:00', 'dispatch_type': 'GENERATOR', 'commencement_date': '2018-06-21T14:00:00+10:00', 'commencement_date_specificity': 'day', 'expected_closure_date': '2042-12-31T14:00:00+10:00', 'expected_closure_date_specificity': 'year', 'max_generation': 102.5468, 'max_generation_interval': '2026-05-31T12:40:00', 'created_at': '2023-10-18T04:35:10Z', 'updated_at': '2026-06-26T03:39:01Z'}]",-38.258519,143.802037,wind,8.95,4893.49
MTMERCER,2025-10-01T00:00:00+10:00,0,78.1,Mt Mercer,VIC,"[{'code': 'MERCER01', 'code_display': 'MERCER01', 'fueltech_id': 'wind', 'status_id': 'operating', 'capacity_registered': 131.2, 'capacity_maximum': 131.0, 'data_first_seen': '2013-10-15T00:05:00+10:00', 'data_last_seen': '2026-09-06T00:00:00+10:00', 'dispatch_type': 'GENERATOR', 'commencement_date': '2013-11-25T14:00:00+10:00', 'commencement_date_specificity': 'day', 'expected_closure_date': '2042-12-31T14:00:00+10:00', 'expected_closure_date_specificity': 'year', 'max_generation': 131.6, 'max_generation_interval': '2024-07-19T07:55:00', 'created_at': '2023-10-18T04:35:10Z', 'updated_at': '2026-06-26T03:39:16Z'}]",-37.831791,143.888681,wind,8.95,4893.49
MTMILLAR,2025-10-01T00:00:00+10:00,0,34,Mt Millar,SA,"[{'code': 'MTMILLAR', 'code_display': 'MTMILLAR', 'fueltech_id': 'wind', 'status_id': 'operating', 'capacity_registered': 70.0, 'capacity_maximum': 70.0, 'data_first_seen': '2009-07-01T00:05:00+10:00', 'data_last_seen': '2026-09-06T00:00:00+10:00', 'dispatch_type': 'GENERATOR', 'commencement_date': '2006-01-31T14:00:00+10:00', 'commencement_date_specificity': 'month', 'expected_closure_date': '2034-12-31T14:00:00+10:00', 'expected_closure_date_specificity': 'year', 'max_generation': 71.0087, 'max_generation_interval': '2009-07-24T05:05:00', 'created_at': '2023-10-18T04:35:10Z', 'updated_at': '2026-06-26T03:39:39Z'}]",-33.62534,136.703771,wind,8.11,1564.92
MUSSELRO,2025-10-01T00:00:00+10:00,0,46,Musselroe,TAS,"[{'code': 'MUSSELR1', 'code_display': 'MUSSELR1', 'fueltech_id': 'wind', 'status_id': 'operating', 'capacity_registered': 168.0, 'capacity_maximum': 168.0, 'data_first_seen': '2013-03-11T00:05:00+10:00', 'data_last_seen': '2026-09-06T00:00:00+10:00', 'dispatch_type': 'GENERATOR', 'commencement_date': '2013-03-21T14:00:00+10:00', 'commencement_date_specificity': 'day', 'expected_closure_date': '2049-12-31T14:00:00+10:00', 'expected_closure_date_specificity': 'year', 'max_generation': 168.9, 'max_generation_interval': '2013-09-19T14:45:00', 'created_at': '2023-10-18T04:35:10Z', 'updated_at': '2026-06-26T03:40:11Z'}]",-40.780012,148.010283,wind,0.12,898.71
MUWAWF,2025-10-01T00:00:00+10:00,0,202.65,Murra Warra,VIC,"[{'code': 'MUWAWF2', 'code_display': 'MUWAWF2', 'fueltech_id': 'wind', 'status_id': 'operating', 'capacity_registered': 209.0, 'capacity_maximum': 203.0, 'data_first_seen': '2022-02-15T00:05:00+10:00', 'data_last_seen': '2026-09-06T00:00:00+10:00', 'dispatch_type': 'GENERATOR', 'commencement_date': '2022-02-14T14:00:00+10:00', 'commencement_date_specificity': 'day', 'expected_closure_date': '2051-12-31T14:00:00+10:00', 'expected_closure_date_specificity': 'year', 'max_generation': 206.6, 'max_generation_interval': '2025-03-30T18:25:00', 'created_at': '2023-10-18T04:35:12Z', 'updated_at': '2026-08-10T05:24:53Z'}, {'code': 'MUWAWF1', 'code_display': 'MUWAWF1', 'fueltech_id': 'wind', 'status_id': 'operating', 'capacity_registered': 231.8, 'capacity_maximum': 225.7, 'data_first_seen': '2019-03-19T00:05:00+10:00', 'data_last_seen': '2026-09-06T00:00:00+10:00', 'dispatch_type': 'GENERATOR', 'commencement_date': '2019-04-08T14:00:00+10:00', 'commencement_date_specificity': 'day', 'expected_closure_date': '2048-12-31T14:00:00+10:00', 'expected_closure_date_specificity': 'year', 'max_generation': 230.39, 'max_generation_interval': '2021-05-25T18:40:00', 'created_at': '2023-10-18T04:35:12Z', 'updated_at': '2026-08-10T05:24:44Z'}]",-36.434062,142.307969,wind,8.95,4893.49
NBHWF,2025-10-01T00:00:00+10:00,0,106.2,North Brown Hill,SA,"[{'code': 'NBHWF1', 'code_display': 'NBHWF1', 'fueltech_id': 'wind', 'status_id': 'operating', 'capacity_registered': 132.3, 'capacity_maximum': 132.0, 'data_first_seen': '2010-07-19T00:05:00+10:00', 'data_last_seen': '2026-09-06T00:00:00+10:00', 'dispatch_type': 'GENERATOR', 'commencement_date': '2010-08-14T14:00:00+10:00', 'commencement_date_specificity': 'day', 'expected_closure_date': '2035-12-31T14:00:00+10:00', 'expected_closure_date_specificity': 'year', 'max_generation': 131.8, 'max_generation_interval': '2011-09-28T16:05:00', 'created_at': '2023-10-18T04:35:12Z', 'updated_at': '2026-06-26T03:41:13Z'}]",-33.291159,138.715508,wind,8.11,1564.92
OAKLAND,2025-10-01T00:00:00+10:00,0,34.4,Oaklands Hill,VIC,"[{'code': 'OAKLAND1', 'code_display': 'OAKLAND1', 'fueltech_id': 'wind', 'status_id': 'operating', 'capacity_registered': 67.0, 'capacity_maximum': 63.0, 'data_first_seen': '2011-08-05T00:05:00+10:00', 'data_last_seen': '2026-09-06T00:00:00+10:00', 'dispatch_type': 'GENERATOR', 'commencement_date': '2011-08-24T14:00:00+10:00', 'commencement_date_specificity': 'day', 'expected_closure_date': '2036-12-31T14:00:00+10:00', 'expected_closure_date_specificity': 'year', 'max_generation': 67.1, 'max_generation_interval': '2015-06-22T00:15:00', 'created_at': '2023-10-18T04:35:14Z', 'updated_at': '2026-06-26T03:45:41Z'}]",-37.681514,142.552322,wind,8.95,4893.49
PALOONA,2025-10-01T00:00:00+10:00,0,29.41,Paloona,TAS,"[{'code': 'PALOONA', 'code_display': 'PALOONA', 'fueltech_id': 'hydro', 'status_id': 'operating', 'capacity_registered': 28.0, 'capacity_maximum': 33.0, 'data_first_seen': '2009-07-01T00:05:00+10:00', 'data_last_seen': '2026-09-06T00:00:00+10:00', 'dispatch_type': 'GENERATOR', 'commencement_date': '1971-12-31T14:00:00+10:00', 'commencement_date_specificity': 'year', 'expected_closure_date': '2099-12-31T14:00:00+10:00', 'expected_closure_date_specificity': 'year', 'max_generation': 33.0223, 'max_generation_interval': '2012-10-18T07:05:00', 'created_at': '2023-10-18T04:35:14Z', 'updated_at': '2026-06-26T03:46:11Z'}]",-41.282674,146.249036,hydro,0.12,898.71
PAREPW,2025-10-01T00:00:00+10:00,0,48.43,Port Augusta Energy Park,SA,"[{'code': 'PAREPW1', 'code_display': 'PAREPW1', 'fueltech_id': 'wind', 'status_id': 'operating', 'capacity_registered': 210.0, 'capacity_maximum': 201.0, 'data_first_seen': '2022-03-08T00:05:00+10:00', 'data_last_seen': '2026-09-06T00:00:00+10:00', 'dispatch_type': 'GENERATOR', 'commencement_date': '2022-04-19T14:00:00+10:00', 'commencement_date_specificity': 'day', 'expected_closure_date': '2051-12-31T14:00:00+10:00', 'expected_closure_date_specificity': 'year', 'max_generation': 217.4811, 'max_generation_interval': '2023-02-01T17:00:00', 'created_at': '2023-10-18T04:35:14Z', 'updated_at': '2026-08-10T05:21:41Z'}, {'code': 'PAREPS1', 'code_display': 'PAREPS1', 'fueltech_id': 'solar_utility', 'status_id': 'operating', 'capacity_registered': 99.0, 'capacity_maximum': 77.0, 'data_first_seen': '2022-09-06T00:05:00+10:00', 'data_last_seen': '2026-09-06T00:00:00+10:00', 'dispatch_type': 'GENERATOR', 'commencement_date': '2022-10-04T14:00:00+10:00', 'commencement_date_specificity': 'day', 'expected_closure_date': '2046-12-31T14:00:00+10:00', 'expected_closure_date_specificity': 'year', 'max_generation': 80.13, 'max_generation_interval': '2024-10-16T14:20:00', 'created_at': '2023-10-18T04:35:14Z', 'updated_at': '2026-08-10T05:21:58Z'}]",-32.597785,137.895914,wind,8.11,1564.92
PIONEER,2025-10-01T00:00:00+10:00,0.072,43.2,Pioneer Sugar Mill,QLD,"[{'code': 'PIONEER', 'code_display': 'PIONEER', 'fueltech_id': 'bioenergy_biomass', 'status_id': 'commissioning', 'capacity_registered': 67.78, 'capacity_maximum': 68.0, 'emissions_factor_co2': 0.0201, 'data_first_seen': '2009-07-01T00:05:00+08:00', 'data_last_seen': '2026-09-06T00:00:00+08:00', 'dispatch_type': 'GENERATOR', 'commencement_date': '2009-06-30T14:00:00+08:00', 'commencement_date_specificity': 'day', 'expected_closure_date': '2039-12-31T14:00:00+08:00', 'expected_closure_date_specificity': 'year', 'max_generation': 55.1, 'max_generation_interval': '2010-08-05T10:45:00', 'created_at': '2023-10-18T04:35:15Z', 'updated_at': '2026-05-01T05:18:24Z'}]",-19.557546,147.330825,bioenergy_biomass,54.82,5989.24
PORTWF,2025-10-01T00:00:00+10:00,0,59,Portland,VIC,"[{'code': 'PORTWF', 'code_display': 'PORTWF', 'fueltech_id': 'wind', 'status_id': 'operating', 'capacity_registered': 148.0, 'capacity_maximum': 148.0, 'data_first_seen': '2009-07-10T00:05:00+10:00', 'data_last_seen': '2026-09-06T00:00:00+10:00', 'dispatch_type': 'GENERATOR', 'commencement_date': '2009-07-09T14:00:00+10:00', 'commencement_date_specificity': 'day', 'expected_closure_date': '2043-12-31T14:00:00+10:00', 'expected_closure_date_specificity': 'year', 'max_generation': 160.0, 'max_generation_interval': '2010-03-04T16:00:00', 'created_at': '2023-10-18T04:35:15Z', 'updated_at': '2026-05-01T05:33:49Z'}]",-38.372199,141.37945,wind,8.95,4893.49
PTINA,2025-10-01T00:00:00+10:00,0,3.31,Poatina,TAS,"[{'code': 'POAT110', 'code_display': 'POAT110', 'fueltech_id': 'hydro', 'status_id': 'operating', 'capacity_registered': 100.0, 'capacity_maximum': 124.0, 'data_first_seen': '2005-05-16T13:35:00+10:00', 'data_last_seen': '2026-09-06T00:00:00+10:00', 'dispatch_type': 'GENERATOR', 'commencement_date': '1965-12-31T14:00:00+10:00', 'commencement_date_specificity': 'year', 'expected_closure_date': '2099-12-31T14:00:00+10:00', 'expected_closure_date_specificity': 'year', 'max_generation': 123.67, 'max_generation_interval': '2005-05-25T17:15:00', 'created_at': '2023-10-18T04:35:16Z', 'updated_at': '2026-06-26T03:48:48Z'}, {'code': 'POAT220', 'code_display': 'POAT220', 'fueltech_id': 'hydro', 'status_id': 'operating', 'capacity_registered': 200.0, 'capacity_maximum': 248.0, 'data_first_seen': '2005-05-16T13:35:00+10:00', 'data_last_seen': '2026-09-06T00:00:00+10:00', 'dispatch_type': 'GENERATOR', 'commencement_date': '1965-12-31T14:00:00+10:00', 'commencement_date_specificity': 'year', 'expected_closure_date': '2099-12-31T14:00:00+10:00', 'expected_closure_date_specificity': 'year', 'max_generation': 245.8009, 'max_generation_interval': '2011-04-01T17:45:00', 'created_at': '2023-10-18T04:35:16Z', 'updated_at': '2026-06-26T03:49:03Z'}, {'code': 'PO110NL1', 'code_display': 'PO110NL1', 'fueltech_id': 'hydro', 'status_id': 'operating', 'capacity_registered': 25.0, 'dispatch_type': 'LOAD', 'commencement_date': '1965-12-31T14:00:00Z', 'commencement_date_specificity': 'year', 'expected_closure_date': '2099-12-31T14:00:00Z', 'expected_closure_date_specificity': 'year', 'created_at': '2023-10-18T04:35:16Z', 'updated_at': '2024-12-20T02:58:32Z'}]",-41.811531,146.919117,hydro,0.12,898.71
QBYNB,2025-10-01T00:00:00+10:00,0,0.176,Queanbeyan,NSW,"[{'code': 'QBYNB1', 'code_display': 'QBYNB1', 'fueltech_id': 'battery', 'status_id': 'operating', 'capacity_registered': 10.0, 'capacity_maximum': 10.0, 'capacity_storage': 20.0, 'data_first_seen': '2024-08-09T09:40:00+10:00', 'data_last_seen': '2026-09-06T00:00:00+10:00', 'dispatch_type': 'BIDIRECTIONAL', 'commencement_date': '2022-07-04T14:00:00+10:00', 'commencement_date_specificity': 'day', 'expected_closure_date': '2032-12-31T14:00:00+10:00', 'expected_closure_date_specificity': 'year', 'max_generation': 10.2453, 'max_generation_interval': '2024-09-30T10:25:00', 'created_at': '2024-09-18T00:16:11Z', 'updated_at': '2026-05-28T00:53:03Z'}, {'code': 'QBYNBG1', 'code_display': '0QBYNBG1', 'fueltech_id': 'battery_discharging', 'status_id': 'operating', 'capacity_registered': 10.0, 'capacity_maximum': 10.0, 'capacity_storage': 20.0, 'data_first_seen': '2022-07-05T00:05:00+10:00', 'data_last_seen': '2026-09-02T14:40:00+10:00', 'dispatch_type': 'GENERATOR', 'commencement_date': '2022-07-04T14:00:00+10:00', 'commencement_date_specificity': 'day', 'closure_date_specificity': 'day', 'expected_closure_date': '2032-12-31T14:00:00+10:00', 'expected_closure_date_specificity': 'year', 'max_generation': 10.2453, 'max_generation_interval': '2024-09-30T10:25:00', 'created_at': '2023-10-18T04:35:16Z', 'updated_at': '2026-06-26T00:46:21Z'}, {'code': 'QBYNBL1', 'code_display': '0QBYNBL1', 'fueltech_id': 'battery_charging', 'status_id': 'operating', 'capacity_registered': 10.0, 'capacity_maximum': 10.0, 'capacity_storage': 20.0, 'data_first_seen': '2022-07-05T00:05:00+10:00', 'data_last_seen': '2026-09-06T00:00:00+10:00', 'dispatch_type': 'LOAD', 'commencement_date': '2022-07-04T14:00:00+10:00', 'commencement_date_specificity': 'day', 'closure_date_specificity': 'day', 'expected_closure_date': '2032-12-31T14:00:00+10:00', 'expected_closure_date_specificity': 'year', 'max_generation': 10.3823, 'max_generation_interval': '2025-04-10T11:55:00', 'created_at': '2023-10-18T04:35:16Z', 'updated_at': '2026-06-26T00:46:36Z'}]",-35.338148,149.215613,battery,56.98,7105.57
RANGEB,2025-10-01T00:00:00+10:00,0,0.05,Rangebank,VIC,"[{'code': 'RANGEB1G1', 'code_display': '0RANGEB1G1', 'fueltech_id': 'battery_discharging', 'status_id': 'operating', 'capacity_registered': 260.0, 'capacity_maximum': 200.0, 'capacity_storage': 400.0, 'data_first_seen': '2024-08-13T00:05:00+10:00', 'data_last_seen': '2026-09-06T00:00:00+10:00', 'dispatch_type': 'GENERATOR', 'commencement_date': '2024-07-31T14:00:00+10:00', 'commencement_date_specificity': 'month', 'expected_closure_date': '2043-12-31T14:00:00+10:00', 'expected_closure_date_specificity': 'year', 'max_generation': 202.78, 'max_generation_interval': '2026-04-02T18:50:00', 'created_at': '2024-11-09T10:29:42Z', 'updated_at': '2026-06-26T00:42:31Z'}, {'code': 'RANGEB1L1', 'code_display': '0RANGEB1L1', 'fueltech_id': 'battery_charging', 'status_id': 'operating', 'capacity_registered': 260.8, 'capacity_maximum': 200.0, 'capacity_storage': 400.0, 'data_first_seen': '2024-08-27T12:15:00+10:00', 'data_last_seen': '2026-09-05T23:55:00+10:00', 'dispatch_type': 'LOAD', 'commencement_date': '2024-07-31T14:00:00+10:00', 'commencement_date_specificity': 'month', 'expected_closure_date': '2043-12-31T14:00:00+10:00', 'expected_closure_date_specificity': 'year', 'max_generation': 201.36, 'max_generation_interval': '2026-01-11T14:20:00', 'created_at': '2024-11-09T10:29:14Z', 'updated_at': '2026-06-26T00:42:43Z'}, {'code': 'RANGEB1', 'code_display': 'RANGEB1', 'fueltech_id': 'battery', 'status_id': 'operating', 'capacity_registered': 260.0, 'capacity_maximum': 200.0, 'capacity_storage': 400.0, 'data_first_seen': '2024-08-13T00:05:00+10:00', 'data_last_seen': '2026-09-06T00:00:00+10:00', 'dispatch_type': 'BIDIRECTIONAL', 'commencement_date': '2024-07-31T14:00:00+10:00', 'commencement_date_specificity': 'month', 'expected_closure_date': '2043-12-31T14:00:00+10:00', 'expected_closure_date_specificity': 'year', 'max_generation': 202.78, 'max_generation_interval': '2026-04-02T18:50:00', 'created_at': '2024-10-13T04:37:18Z', 'updated_at': '2026-02-26T02:55:57Z'}]",-38.085056,145.259936,battery_discharging,8.95,4893.49
REECE,2025-10-01T00:00:00+10:00,0,118.87,Reece,TAS,"[{'code': 'REECE1', 'code_display': 'REECE1', 'fueltech_id': 'hydro', 'status_id': 'operating', 'capacity_registered': 115.6, 'capacity_maximum': 119.0, 'data_first_seen': '2005-05-16T13:35:00+08:00', 'data_last_seen': '2026-09-06T00:00:00+08:00', 'dispatch_type': 'GENERATOR', 'commencement_date': '1985-12-31T14:00:00+08:00', 'commencement_date_specificity': 'year', 'expected_closure_date': '2099-12-31T14:00:00+08:00', 'expected_closure_date_specificity': 'year', 'max_generation': 122.29, 'max_generation_interval': '2016-05-15T12:30:00', 'created_at': '2023-10-18T04:35:16Z', 'updated_at': '2026-06-26T03:51:18Z'}, {'code': 'REECE2', 'code_display': 'REECE2', 'fueltech_id': 'hydro', 'status_id': 'operating', 'capacity_registered': 115.6, 'capacity_maximum': 119.0, 'data_first_seen': '2005-05-16T13:35:00+08:00', 'data_last_seen': '2026-09-06T00:00:00+08:00', 'dispatch_type': 'GENERATOR', 'commencement_date': '1986-12-31T14:00:00+08:00', 'commencement_date_specificity': 'year', 'expected_closure_date': '2099-12-31T14:00:00+08:00', 'expected_closure_date_specificity': 'year', 'max_generation': 121.84, 'max_generation_interval': '2018-08-15T10:30:00', 'created_at': '2023-10-18T04:35:16Z', 'updated_at': '2026-06-26T03:51:03Z'}]",-41.723739,145.136012,hydro,0.12,898.71
REPULSE,2025-10-01T00:00:00+10:00,0,32.886,Repulse,TAS,"[{'code': 'REPULSE', 'code_display': 'REPULSE', 'fueltech_id': 'hydro', 'status_id': 'operating', 'capacity_registered': 28.0, 'capacity_maximum': 34.0, 'data_first_seen': '2009-07-01T00:05:00+10:00', 'data_last_seen': '2026-09-06T00:00:00+10:00', 'dispatch_type': 'GENERATOR', 'commencement_date': '1967-12-31T14:00:00+10:00', 'commencement_date_specificity': 'year', 'expected_closure_date': '2099-12-31T14:00:00+10:00', 'expected_closure_date_specificity': 'year', 'max_generation': 34.099, 'max_generation_interval': '2021-08-14T07:45:00', 'created_at': '2023-10-18T04:35:17Z', 'updated_at': '2026-06-26T03:51:41Z'}]",-42.507691,146.647,hydro,0.12,898.71
RESS,2025-10-01T00:00:00+10:00,0,0.68,Riverina 1,NSW,"[{'code': 'RESS1G', 'code_display': '0RESS1G', 'fueltech_id': 'battery_discharging', 'status_id': 'operating', 'capacity_registered': 80.0, 'capacity_maximum': 60.0, 'capacity_storage': 120.0, 'data_first_seen': '2023-05-23T00:05:00+10:00', 'data_last_seen': '2026-09-05T04:05:00+10:00', 'dispatch_type': 'GENERATOR', 'commencement_date': '2023-06-01T14:00:00+10:00', 'commencement_date_specificity': 'day', 'expected_closure_date': '2050-12-31T14:00:00+10:00', 'expected_closure_date_specificity': 'year', 'max_generation': 60.6872, 'max_generation_interval': '2024-03-21T18:05:00', 'created_at': '2023-10-18T04:35:17Z', 'updated_at': '2026-06-30T00:31:07Z'}, {'code': 'RESS1L', 'code_display': '0RESS1L', 'fueltech_id': 'battery_charging', 'status_id': 'operating', 'capacity_registered': 80.0, 'capacity_maximum': 60.0, 'capacity_storage': 120.0, 'data_first_seen': '2023-05-23T00:05:00+10:00', 'data_last_seen': '2026-09-06T00:00:00+10:00', 'dispatch_type': 'LOAD', 'commencement_date': '2023-06-01T14:00:00+10:00', 'commencement_date_specificity': 'day', 'expected_closure_date': '2050-12-31T14:00:00+10:00', 'expected_closure_date_specificity': 'year', 'max_generation': 60.5825, 'max_generation_interval': '2025-07-17T04:35:00', 'created_at': '2023-10-18T04:35:17Z', 'updated_at': '2026-06-30T00:31:20Z'}, {'code': 'RESS1', 'code_display': 'RESS1', 'fueltech_id': 'battery', 'status_id': 'operating', 'capacity_registered': 80.0, 'capacity_maximum': 60.0, 'capacity_storage': 120.0, 'data_first_seen': '2024-10-10T00:05:00+10:00', 'data_last_seen': '2026-09-06T00:00:00+10:00', 'dispatch_type': 'BIDIRECTIONAL', 'commencement_date': '2023-06-01T14:00:00+10:00', 'commencement_date_specificity': 'day', 'expected_closure_date': '2050-12-31T14:00:00+10:00', 'expected_closure_date_specificity': 'year', 'max_generation': 60.6692, 'max_generation_interval': '2024-12-17T17:55:00', 'created_at': '2024-10-24T05:26:27Z', 'updated_at': '2026-05-28T01:02:04Z'}]",-34.646349,146.035015,battery_discharging,56.98,7105.57
RIVNB,2025-10-01T00:00:00+10:00,0,0.115,Riverina 2,NSW,"[{'code': 'RIVNBG2', 'code_display': '0RIVNBG2', 'fueltech_id': 'battery_discharging', 'status_id': 'operating', 'capacity_registered': 65.0, 'capacity_maximum': 65.0, 'capacity_storage': 130.0, 'data_first_seen': '2023-05-23T00:05:00+10:00', 'data_last_seen': '2026-09-05T04:45:00+10:00', 'dispatch_type': 'GENERATOR', 'commencement_date': '2023-06-04T14:00:00+10:00', 'commencement_date_specificity': 'day', 'closure_date_specificity': 'day', 'expected_closure_date': '2050-12-31T14:00:00+10:00', 'expected_closure_date_specificity': 'year', 'max_generation': 65.5561, 'max_generation_interval': '2026-07-05T16:55:00', 'created_at': '2023-10-18T04:35:17Z', 'updated_at': '2026-07-15T05:23:10Z'}, {'code': 'RIVNBL2', 'code_display': '0RIVNBL2', 'fueltech_id': 'battery_charging', 'status_id': 'operating', 'capacity_registered': 65.0, 'capacity_maximum': 65.0, 'capacity_storage': 130.0, 'data_first_seen': '2023-05-23T00:05:00+10:00', 'data_last_seen': '2026-09-06T00:00:00+10:00', 'dispatch_type': 'LOAD', 'commencement_date': '2023-06-04T14:00:00+10:00', 'commencement_date_specificity': 'day', 'closure_date_specificity': 'day', 'expected_closure_date': '2050-12-31T14:00:00+10:00', 'expected_closure_date_specificity': 'year', 'max_generation': 65.9061, 'max_generation_interval': '2024-01-17T00:50:00', 'created_at': '2023-10-18T04:35:17Z', 'updated_at': '2026-07-15T05:22:58Z'}, {'code': 'RIVNB2', 'code_display': 'RIVNB2', 'fueltech_id': 'battery', 'status_id': 'operating', 'capacity_registered': 65.0, 'capacity_maximum': 65.0, 'capacity_storage': 130.0, 'data_first_seen': '2024-08-08T04:05:00+10:00', 'data_last_seen': '2026-09-06T00:00:00+10:00', 'dispatch_type': 'BIDIRECTIONAL', 'commencement_date': '2023-06-04T14:00:00+10:00', 'commencement_date_specificity': 'day', 'expected_closure_date': '2050-12-31T14:00:00+10:00', 'expected_closure_date_specificity': 'year', 'max_generation': 65.5561, 'max_generation_interval': '2026-07-05T16:55:00', 'created_at': '2024-09-17T00:10:08Z', 'updated_at': '2026-07-15T05:22:29Z'}]",-34.646349,146.035015,battery_discharging,56.98,7105.57
ROWALLAN,2025-10-01T00:00:00+10:00,0,0.005,Rowallan,TAS,"[{'code': 'ROWALLAN', 'code_display': 'ROWALLAN', 'fueltech_id': 'hydro', 'status_id': 'operating', 'capacity_registered': 10.5, 'capacity_maximum': 11.0, 'data_first_seen': '2009-07-01T00:05:00+10:00', 'data_last_seen': '2026-09-06T00:00:00+10:00', 'dispatch_type': 'GENERATOR', 'commencement_date': '1967-12-31T14:00:00+10:00', 'commencement_date_specificity': 'year', 'expected_closure_date': '2099-12-31T14:00:00+10:00', 'expected_closure_date_specificity': 'year', 'max_generation': 12.3753, 'max_generation_interval': '2016-07-17T00:05:00', 'created_at': '2023-10-18T04:35:17Z', 'updated_at': '2026-06-26T03:52:41Z'}]",-41.729547,146.217649,hydro,0.12,898.71
ROYALLA,2025-10-01T00:00:00+10:00,0,0.001,Royalla,NSW,"[{'code': 'ROYALLA1', 'code_display': 'ROYALLA1', 'fueltech_id': 'solar_utility', 'status_id': 'operating', 'capacity_registered': 20.0, 'capacity_maximum': 20.0, 'data_first_seen': '2016-04-23T00:05:00+10:00', 'data_last_seen': '2026-09-06T00:00:00+10:00', 'dispatch_type': 'GENERATOR', 'commencement_date': '2014-09-03T14:00:00+10:00', 'commencement_date_specificity': 'day', 'expected_closure_date': '2044-12-31T14:00:00+10:00', 'expected_closure_date_specificity': 'year', 'max_generation': 21.036, 'max_generation_interval': '2016-10-23T13:40:00', 'created_at': '2023-10-18T04:35:17Z', 'updated_at': '2026-06-29T04:29:51Z'}]",-35.489826,149.142704,solar_utility,56.98,7105.57
RPCG,2025-10-01T00:00:00+10:00,0.051,13.8,Rocky Point Cogen,QLD,"[{'code': 'RPCG', 'code_display': 'RPCG', 'fueltech_id': 'bioenergy_biomass', 'status_id': 'operating', 'capacity_registered': 30.0, 'capacity_maximum': 30.0, 'emissions_factor_co2': 0.0443, 'data_first_seen': '2011-01-28T12:15:00+10:00', 'data_last_seen': '2026-09-06T00:00:00+10:00', 'dispatch_type': 'GENERATOR', 'commencement_date': '2002-07-31T14:00:00+10:00', 'commencement_date_specificity': 'month', 'expected_closure_date': '2027-12-31T14:00:00+10:00', 'expected_closure_date_specificity': 'year', 'max_generation': 221.9449, 'max_generation_interval': '2012-09-13T08:50:00', 'created_at': '2023-10-18T04:35:17Z', 'updated_at': '2026-07-15T06:17:31Z'}]",-27.733342,153.327699,bioenergy_biomass,54.82,5989.24
RUBICON,2025-10-01T00:00:00+10:00,0,0.585,Rubicon,VIC,"[{'code': 'RUBICON', 'code_display': 'RUBICON', 'fueltech_id': 'hydro', 'status_id': 'commissioning', 'capacity_registered': 13.0, 'capacity_maximum': 13.0, 'data_first_seen': '2009-07-01T00:05:00+10:00', 'data_last_seen': '2026-09-06T00:00:00+10:00', 'dispatch_type': 'GENERATOR', 'commencement_date': '1921-12-31T14:00:00+10:00', 'commencement_date_specificity': 'year', 'expected_closure_date': '2056-12-31T14:00:00+10:00', 'expected_closure_date_specificity': 'year', 'max_generation': 7.695, 'max_generation_interval': '2026-07-01T17:15:00', 'created_at': '2023-10-18T04:35:17Z', 'updated_at': '2026-05-01T05:35:07Z'}]",-37.327154,145.860547,hydro,8.95,4893.49
RYANCWF,2025-10-01T00:00:00+10:00,0,75.16,Ryan Corner,VIC,"[{'code': 'RYANCWF1', 'code_display': 'RYANCWF1', 'fueltech_id': 'wind', 'status_id': 'operating', 'capacity_registered': 218.4, 'capacity_maximum': 205.0, 'data_first_seen': '2024-07-30T00:05:00+10:00', 'data_last_seen': '2026-09-06T00:00:00+10:00', 'dispatch_type': 'GENERATOR', 'commencement_date': '2024-07-29T14:00:00+10:00', 'commencement_date_specificity': 'day', 'expected_closure_date': '2053-12-31T14:00:00+10:00', 'expected_closure_date_specificity': 'year', 'max_generation': 207.7135, 'max_generation_interval': '2025-07-22T11:05:00', 'created_at': '2024-10-01T04:31:31Z', 'updated_at': '2026-06-26T00:52:36Z'}]",-38.271156,142.14003,wind,8.95,4893.49
RYEPARK,2025-10-01T00:00:00+10:00,0,202.695,Rye Park,NSW,"[{'code': 'RYEPARK1', 'code_display': 'RYEPARK1', 'fueltech_id': 'wind', 'status_id': 'operating', 'capacity_registered': 396.0, 'capacity_maximum': 384.0, 'data_first_seen': '2023-08-15T00:05:00+10:00', 'data_last_seen': '2026-09-06T00:00:00+10:00', 'dispatch_type': 'GENERATOR', 'commencement_date': '2023-08-17T14:00:00+10:00', 'commencement_date_specificity': 'day', 'expected_closure_date': '2047-12-31T14:00:00+10:00', 'expected_closure_date_specificity': 'year', 'max_generation': 384.9511, 'max_generation_interval': '2025-07-10T12:45:00', 'created_at': '2023-10-18T04:35:18Z', 'updated_at': '2026-08-10T06:35:12Z'}]",-34.550899,148.95544,wind,56.98,7105.57
SALTCRK,2025-10-01T00:00:00+10:00,0,15.35,Salt Creek,VIC,"[{'code': 'SALTCRK1', 'code_display': 'SALTCRK1', 'fueltech_id': 'wind', 'status_id': 'operating', 'capacity_registered': 54.0, 'capacity_maximum': 54.0, 'data_first_seen': '2018-05-29T00:05:00+10:00', 'data_last_seen': '2026-09-06T00:00:00+10:00', 'dispatch_type': 'GENERATOR', 'commencement_date': '2018-06-06T14:00:00+10:00', 'commencement_date_specificity': 'day', 'expected_closure_date': '2042-12-31T14:00:00+10:00', 'expected_closure_date_specificity': 'day', 'max_generation': 53.39, 'max_generation_interval': '2025-08-14T23:40:00', 'created_at': '2023-10-18T04:35:18Z', 'updated_at': '2026-06-29T04:31:01Z'}]",-37.930719,142.773524,wind,8.95,4893.49
SAPHWF1,2025-10-01T00:00:00+10:00,0,233.248,Sapphire,NSW,"[{'code': 'SAPHWF1', 'code_display': 'SAPHWF1', 'fueltech_id': 'wind', 'status_id': 'operating', 'capacity_registered': 270.0, 'capacity_maximum': 270.0, 'data_first_seen': '2017-12-07T00:05:00+10:00', 'data_last_seen': '2026-09-06T00:00:00+10:00', 'dispatch_type': 'GENERATOR', 'commencement_date': '2018-02-01T14:00:00+10:00', 'commencement_date_specificity': 'day', 'expected_closure_date': '2042-12-31T14:00:00+10:00', 'expected_closure_date_specificity': 'year', 'max_generation': 263.9643, 'max_generation_interval': '2022-11-01T01:30:00', 'created_at': '2023-10-18T04:35:18Z', 'updated_at': '2026-06-29T04:31:19Z'}]",-29.699609,151.412417,wind,56.98,7105.57
SHOAL,2025-10-01T00:00:00+10:00,2.187,43.47,Shoalhaven Starches,NSW,"[{'code': 'SHOAL1', 'code_display': 'SHOAL1', 'fueltech_id': 'gas_ocgt', 'status_id': 'operating', 'capacity_registered': 54.0, 'capacity_maximum': 54.0, 'emissions_factor_co2': 0.6022, 'data_first_seen': '2023-10-17T00:05:00+10:00', 'data_last_seen': '2026-09-06T00:00:00+10:00', 'dispatch_type': 'GENERATOR', 'commencement_date': '2023-10-16T14:00:00+10:00', 'commencement_date_specificity': 'day', 'expected_closure_date': '2049-12-31T14:00:00+10:00', 'expected_closure_date_specificity': 'year', 'max_generation': 50.52, 'max_generation_interval': '2026-05-26T16:15:00', 'created_at': '2024-09-20T04:52:50Z', 'updated_at': '2026-07-15T06:33:29Z'}]",-34.8547,150.6138,gas_ocgt,56.98,7105.57
SMTHBES1,2025-10-01T00:00:00+10:00,0,0.046,Smithfield,NSW,"[{'code': 'SMTHBES1G1', 'code_display': '0SMTHBES1G1', 'fueltech_id': 'battery_discharging', 'status_id': 'operating', 'capacity_registered': 69.4, 'capacity_maximum': 65.0, 'capacity_storage': 130.0, 'data_first_seen': '2025-08-12T00:05:00+10:00', 'data_last_seen': '2026-09-06T00:00:00+10:00', 'dispatch_type': 'GENERATOR', 'commencement_date': '2025-09-07T14:00:00+10:00', 'commencement_date_specificity': 'day', 'expected_operation_date': '2025-11-30T14:00:00+10:00', 'expected_operation_date_specificity': 'month', 'expected_closure_date': '2039-12-31T14:00:00+10:00', 'expected_closure_date_specificity': 'year', 'max_generation': 65.5332, 'max_generation_interval': '2025-10-15T05:55:00', 'created_at': '2025-04-16T03:47:29Z', 'updated_at': '2026-06-25T03:45:41Z'}, {'code': 'SMTHBES1', 'code_display': 'SMTHBES1', 'fueltech_id': 'battery', 'status_id': 'operating', 'capacity_registered': 69.4, 'capacity_maximum': 65.0, 'capacity_storage': 130.0, 'data_first_seen': '2025-08-12T00:05:00+10:00', 'data_last_seen': '2026-09-06T00:00:00+10:00', 'dispatch_type': 'BIDIRECTIONAL', 'commencement_date': '2025-09-07T14:00:00+10:00', 'commencement_date_specificity': 'day', 'expected_operation_date': '2025-11-30T14:00:00+10:00', 'expected_operation_date_specificity': 'month', 'expected_closure_date': '2039-12-31T14:00:00+10:00', 'expected_closure_date_specificity': 'year', 'max_generation': 65.5332, 'max_generation_interval': '2025-10-15T05:55:00', 'created_at': '2025-01-17T01:28:49Z', 'updated_at': '2026-04-10T02:59:08Z'}, {'code': 'SMTHBES1L1', 'code_display': '0SMTHBES1L1', 'fueltech_id': 'battery_charging', 'status_id': 'operating', 'capacity_registered': 69.4, 'capacity_maximum': 65.0, 'capacity_storage': 130.0, 'data_first_seen': '2025-09-08T14:55:00+10:00', 'data_last_seen': '2026-09-05T23:40:00+10:00', 'dispatch_type': 'LOAD', 'commencement_date': '2025-09-07T14:00:00+10:00', 'commencement_date_specificity': 'day', 'expected_operation_date': '2025-11-30T14:00:00+10:00', 'expected_operation_date_specificity': 'month', 'expected_closure_date': '2039-12-31T14:00:00+10:00', 'expected_closure_date_specificity': 'year', 'max_generation': 65.414, 'max_generation_interval': '2025-10-01T10:25:00', 'created_at': '2025-04-16T03:37:52Z', 'updated_at': '2026-06-25T03:45:59Z'}]",-33.849972,150.947448,battery_discharging,56.98,7105.57
SNOWNTH,2025-10-01T00:00:00+10:00,0,126.7,Snowtown North,SA,"[{'code': 'SNOWNTH1', 'code_display': 'SNOWNTH1', 'fueltech_id': 'wind', 'status_id': 'operating', 'capacity_registered': 144.0, 'capacity_maximum': 144.0, 'data_first_seen': '2013-09-10T00:05:00+10:00', 'data_last_seen': '2026-09-06T00:00:00+10:00', 'dispatch_type': 'GENERATOR', 'commencement_date': '2014-02-10T14:00:00+10:00', 'commencement_date_specificity': 'day', 'expected_closure_date': '2038-12-31T14:00:00+10:00', 'expected_closure_date_specificity': 'year', 'max_generation': 144.0, 'max_generation_interval': '2016-05-08T01:40:00', 'created_at': '2023-10-18T04:35:19Z', 'updated_at': '2026-06-04T02:00:44Z'}]",-33.728666,138.148351,wind,8.11,1564.92
SNOWSTH,2025-10-01T00:00:00+10:00,0,114.5,Snowtown South,SA,"[{'code': 'SNOWSTH1', 'code_display': 'SNOWSTH1', 'fueltech_id': 'wind', 'status_id': 'operating', 'capacity_registered': 126.0, 'capacity_maximum': 126.0, 'data_first_seen': '2013-09-10T00:05:00+10:00', 'data_last_seen': '2026-09-06T00:00:00+10:00', 'dispatch_type': 'GENERATOR', 'commencement_date': '2012-10-02T14:00:00+10:00', 'commencement_date_specificity': 'day', 'expected_closure_date': '2038-12-31T14:00:00+10:00', 'expected_closure_date_specificity': 'year', 'max_generation': 126.0, 'max_generation_interval': '2016-08-09T11:10:00', 'created_at': '2023-10-18T04:35:19Z', 'updated_at': '2026-01-19T22:15:55Z'}]",-33.862624,138.130367,wind,8.11,1564.92
SNOWTOWN,2025-10-01T00:00:00+10:00,0,92.586,Snowtown,SA,"[{'code': 'SNOWTWN1', 'code_display': 'SNOWTWN1', 'fueltech_id': 'wind', 'status_id': 'operating', 'capacity_registered': 99.0, 'capacity_maximum': 99.0, 'data_first_seen': '2008-04-15T00:05:00+10:00', 'data_last_seen': '2026-09-06T00:00:00+10:00', 'dispatch_type': 'GENERATOR', 'commencement_date': '2008-04-18T14:00:00+10:00', 'commencement_date_specificity': 'day', 'expected_closure_date': '2032-12-31T14:00:00+10:00', 'expected_closure_date_specificity': 'year', 'max_generation': 99.67, 'max_generation_interval': '2025-03-31T06:10:00', 'created_at': '2023-10-18T04:35:19Z', 'updated_at': '2026-06-29T04:34:07Z'}]",-33.728666,138.148351,wind,8.11,1564.92
SNOWY3,2025-10-01T00:00:00+10:00,0,61.8,Guthega,NSW,"[{'code': 'GUTHEGA', 'code_display': 'GUTHEGA', 'fueltech_id': 'hydro', 'status_id': 'operating', 'capacity_registered': 60.0, 'capacity_maximum': 80.0, 'data_first_seen': '2001-06-22T11:35:00+10:00', 'data_last_seen': '2026-09-06T00:00:00+10:00', 'dispatch_type': 'GENERATOR', 'commencement_date': '2001-05-31T14:00:00+10:00', 'commencement_date_specificity': 'day', 'expected_closure_date': '2069-12-31T14:00:00+10:00', 'expected_closure_date_specificity': 'year', 'max_generation': 77.9, 'max_generation_interval': '2012-08-22T16:20:00', 'created_at': '2023-10-18T04:35:19Z', 'updated_at': '2026-06-29T04:34:38Z'}, {'code': 'SNOWY3', 'code_display': 'SNOWY3', 'fueltech_id': 'hydro', 'status_id': 'retired', 'capacity_registered': 60.0, 'capacity_maximum': 80.0, 'data_first_seen': '1998-12-07T02:40:00+10:00', 'data_last_seen': '2001-09-24T19:20:00+10:00', 'dispatch_type': 'GENERATOR', 'commencement_date': '1955-03-31T14:00:00+10:00', 'commencement_date_specificity': 'month', 'closure_date': '2001-05-30T14:00:00+10:00', 'closure_date_specificity': 'day', 'expected_closure_date': '2001-05-27T14:00:00+10:00', 'expected_closure_date_specificity': 'day', 'max_generation': 658.76, 'max_generation_interval': '1998-12-11T12:55:00', 'created_at': '2023-10-18T04:35:19Z', 'updated_at': '2025-07-21T01:03:40Z'}]",-36.350097,148.413602,hydro,56.98,7105.57
SNOWY6,2025-10-01T00:00:00+10:00,0,52.6,Blowering,NSW,"[{'code': 'BLOWERNG', 'code_display': 'BLOWERNG', 'fueltech_id': 'hydro', 'status_id': 'operating', 'capacity_registered': 80.0, 'capacity_maximum': 80.0, 'data_first_seen': '2001-06-22T11:35:00+10:00', 'data_last_seen': '2026-09-06T00:00:00+10:00', 'dispatch_type': 'GENERATOR', 'commencement_date': '2001-07-31T14:00:00+10:00', 'commencement_date_specificity': 'day', 'expected_closure_date': '2069-12-31T14:00:00+10:00', 'expected_closure_date_specificity': 'year', 'max_generation': 80.3, 'max_generation_interval': '2021-08-01T15:35:00', 'created_at': '2023-10-18T04:35:21Z', 'updated_at': '2026-06-29T04:35:24Z'}, {'code': 'SNOWY6', 'code_display': 'SNOWY6', 'fueltech_id': 'hydro', 'status_id': 'retired', 'capacity_registered': 80.0, 'data_first_seen': '1998-12-07T02:50:00+10:00', 'data_last_seen': '2001-09-24T19:20:00+10:00', 'dispatch_type': 'GENERATOR', 'commencement_date': '1954-12-31T14:00:00+10:00', 'commencement_date_specificity': 'year', 'closure_date': '2001-07-30T14:00:00+10:00', 'closure_date_specificity': 'day', 'expected_closure_date': '2001-09-24T14:00:00+10:00', 'expected_closure_date_specificity': 'day', 'max_generation': 73.0, 'max_generation_interval': '2000-11-11T00:40:00', 'created_at': '2023-10-18T04:35:21Z', 'updated_at': '2025-07-21T01:02:50Z'}]",-35.398563,148.246201,hydro,56.98,7105.57
STANWELL,2025-10-01T00:00:00+10:00,17.95,245.23,Stanwell,QLD,"[{'code': 'STAN-1', 'code_display': 'STAN-1', 'fueltech_id': 'coal_black', 'status_id': 'operating', 'capacity_registered': 365.0, 'capacity_maximum': 385.0, 'emissions_factor_co2': 0.8571, 'data_first_seen': '1998-12-07T02:40:00+10:00', 'data_last_seen': '2026-09-06T00:00:00+10:00', 'dispatch_type': 'GENERATOR', 'commencement_date': '1992-12-31T14:00:00+10:00', 'commencement_date_specificity': 'year', 'expected_closure_date': '2042-12-31T14:00:00+10:00', 'expected_closure_date_specificity': 'year', 'max_generation': 388.4947, 'max_generation_interval': '2019-09-06T21:20:00', 'created_at': '2023-10-18T04:35:21Z', 'updated_at': '2026-06-29T04:37:38Z'}, {'code': 'STAN-4', 'code_display': 'STAN-4', 'fueltech_id': 'coal_black', 'status_id': 'operating', 'capacity_registered': 365.0, 'capacity_maximum': 385.0, 'emissions_factor_co2': 0.8571, 'data_first_seen': '1998-12-07T02:40:00+10:00', 'data_last_seen': '2026-09-06T00:00:00+10:00', 'dispatch_type': 'GENERATOR', 'commencement_date': '1995-12-31T14:00:00+10:00', 'commencement_date_specificity': 'year', 'expected_closure_date': '2045-12-31T14:00:00+10:00', 'expected_closure_date_specificity': 'year', 'max_generation': 401.6, 'max_generation_interval': '2010-11-19T15:35:00', 'created_at': '2023-10-18T04:35:21Z', 'updated_at': '2026-06-29T04:37:31Z'}, {'code': 'STAN-2', 'code_display': 'STAN-2', 'fueltech_id': 'coal_black', 'status_id': 'operating', 'capacity_registered': 365.0, 'capacity_maximum': 385.0, 'emissions_factor_co2': 0.8571, 'data_first_seen': '1998-12-07T02:40:00+10:00', 'data_last_seen': '2026-09-06T00:00:00+10:00', 'dispatch_type': 'GENERATOR', 'commencement_date': '1993-12-31T14:00:00+10:00', 'commencement_date_specificity': 'year', 'expected_closure_date': '2043-12-31T14:00:00+10:00', 'expected_closure_date_specificity': 'year', 'max_generation': 387.277, 'max_generation_interval': '2020-09-22T15:20:00', 'created_at': '2023-10-18T04:35:21Z', 'updated_at': '2026-06-29T04:37:23Z'}, {'code': 'STAN-3', 'code_display': 'STAN-3', 'fueltech_id': 'coal_black', 'status_id': 'operating', 'capacity_registered': 365.0, 'capacity_maximum': 385.0, 'emissions_factor_co2': 0.8571, 'data_first_seen': '1998-12-07T02:40:00+10:00', 'data_last_seen': '2026-09-06T00:00:00+10:00', 'dispatch_type': 'GENERATOR', 'commencement_date': '1994-12-31T14:00:00+10:00', 'commencement_date_specificity': 'year', 'expected_closure_date': '2044-12-31T14:00:00+10:00', 'expected_closure_date_specificity': 'year', 'max_generation': 387.1232, 'max_generation_interval': '2017-09-18T15:15:00', 'created_at': '2023-10-18T04:35:21Z', 'updated_at': '2026-06-29T04:37:14Z'}]",-23.507452,150.313355,coal_black,54.82,5989.24
STARFHILL,2025-10-01T00:00:00+10:00,0,6.698,Starfish Hill,SA,"[{'code': 'STARHLWF', 'code_display': 'STARHLWF', 'fueltech_id': 'wind', 'status_id': 'operating', 'capacity_registered': 34.5, 'capacity_maximum': 35.0, 'data_first_seen': '2009-07-01T00:05:00+10:00', 'data_last_seen': '2026-09-06T00:00:00+10:00', 'dispatch_type': 'GENERATOR', 'commencement_date': '2003-08-31T14:00:00+10:00', 'commencement_date_specificity': 'month', 'expected_closure_date': '2032-12-31T14:00:00+10:00', 'expected_closure_date_specificity': 'year', 'max_generation': 35.49, 'max_generation_interval': '2009-07-12T09:50:00', 'created_at': '2023-10-18T04:35:22Z', 'updated_at': '2026-01-19T01:45:52Z'}]",-35.567844,138.139148,wind,8.11,1564.92
STOCKYD,2025-10-01T00:00:00+10:00,0,337.78,Stockyard Hill,VIC,"[{'code': 'STOCKYD1', 'code_display': 'STOCKYD1', 'fueltech_id': 'wind', 'status_id': 'operating', 'capacity_registered': 531.0, 'capacity_maximum': 511.0, 'data_first_seen': '2021-07-08T00:05:00+08:00', 'data_last_seen': '2026-09-06T00:00:00+08:00', 'dispatch_type': 'GENERATOR', 'commencement_date': '2021-07-07T14:00:00+08:00', 'commencement_date_specificity': 'day', 'expected_closure_date': '2044-12-31T14:00:00+08:00', 'expected_closure_date_specificity': 'year', 'max_generation': 510.22, 'max_generation_interval': '2023-07-13T21:45:00', 'created_at': '2023-10-18T04:35:22Z', 'updated_at': '2026-08-10T05:26:10Z'}]",-37.552275,143.340126,wind,8.95,4893.49
STWF,2025-10-01T00:00:00+10:00,0,136.271,Silverton,NSW,"[{'code': 'STWF1', 'code_display': 'STWF1', 'fueltech_id': 'wind', 'status_id': 'operating', 'capacity_registered': 198.94, 'capacity_maximum': 198.0, 'data_first_seen': '2018-02-26T00:05:00+10:00', 'data_last_seen': '2026-09-06T00:00:00+10:00', 'dispatch_type': 'GENERATOR', 'commencement_date': '2018-05-14T14:00:00+10:00', 'commencement_date_specificity': 'day', 'expected_closure_date': '2042-12-31T14:00:00+10:00', 'expected_closure_date_specificity': 'year', 'max_generation': 197.4375, 'max_generation_interval': '2020-08-18T22:45:00', 'created_at': '2023-10-18T04:35:22Z', 'updated_at': '2026-06-29T04:38:38Z'}]",-31.86095,141.296349,wind,56.98,7105.57
SWAN_E,2025-10-01T00:00:00+10:00,0,0.58,Swanbank E,QLD,"[{'code': 'SWAN_E', 'code_display': 'SWAN_E', 'fueltech_id': 'gas_ccgt', 'status_id': 'operating', 'capacity_registered': 385.0, 'capacity_maximum': 385.0, 'emissions_factor_co2': 0.401, 'data_first_seen': '2002-05-15T10:35:00+10:00', 'data_last_seen': '2026-09-06T00:00:00+10:00', 'dispatch_type': 'GENERATOR', 'commencement_date': '2002-05-20T14:00:00+10:00', 'commencement_date_specificity': 'day', 'expected_closure_date': '2035-12-31T14:00:00+10:00', 'expected_closure_date_specificity': 'year', 'max_generation': 545.23, 'max_generation_interval': '2002-06-06T15:00:00', 'created_at': '2023-10-18T04:35:23Z', 'updated_at': '2026-06-29T05:25:44Z'}]",-27.655138,152.817933,gas_ccgt,54.82,5989.24
TARALGA,2025-10-01T00:00:00+10:00,0,48.698,Taralga,NSW,"[{'code': 'TARALGA1', 'code_display': 'TARALGA1', 'fueltech_id': 'wind', 'status_id': 'operating', 'capacity_registered': 106.8, 'capacity_maximum': 106.0, 'data_first_seen': '2014-12-11T00:05:00+08:00', 'data_last_seen': '2026-09-06T00:00:00+08:00', 'dispatch_type': 'GENERATOR', 'commencement_date': '2014-12-22T14:00:00+08:00', 'commencement_date_specificity': 'day', 'expected_closure_date': '2041-12-31T14:00:00+08:00', 'expected_closure_date_specificity': 'year', 'max_generation': 110.8116, 'max_generation_interval': '2025-09-25T15:15:00', 'created_at': '2023-10-18T04:35:23Z', 'updated_at': '2026-06-29T04:52:52Z'}]",-34.431428,149.865258,wind,56.98,7105.57
TARONG,2025-10-01T00:00:00+10:00,0.044,0.6,Tarong,QLD,"[{'code': 'TARONG#1', 'code_display': 'TARONG#1', 'fueltech_id': 'coal_black', 'status_id': 'operating', 'capacity_registered': 350.0, 'capacity_maximum': 385.0, 'emissions_factor_co2': 0.8837, 'data_first_seen': '1998-12-07T02:40:00+10:00', 'data_last_seen': '2026-09-06T00:00:00+10:00', 'dispatch_type': 'GENERATOR', 'commencement_date': '1984-04-30T14:00:00+10:00', 'commencement_date_specificity': 'month', 'expected_closure_date': '2035-12-31T14:00:00+10:00', 'expected_closure_date_specificity': 'year', 'max_generation': 386.5, 'max_generation_interval': '2007-10-29T09:30:00', 'created_at': '2023-10-18T04:35:23Z', 'updated_at': '2026-06-29T04:53:19Z'}, {'code': 'TARONG#4', 'code_display': 'TARONG#4', 'fueltech_id': 'coal_black', 'status_id': 'operating', 'capacity_registered': 350.0, 'capacity_maximum': 385.0, 'emissions_factor_co2': 0.8837, 'data_first_seen': '1998-12-07T02:40:00+10:00', 'data_last_seen': '2026-09-06T00:00:00+10:00', 'dispatch_type': 'GENERATOR', 'commencement_date': '1986-08-31T14:00:00+10:00', 'commencement_date_specificity': 'month', 'expected_closure_date': '2036-12-31T14:00:00+10:00', 'expected_closure_date_specificity': 'year', 'max_generation': 381.1, 'max_generation_interval': '2019-12-11T12:50:00', 'created_at': '2023-10-18T04:35:23Z', 'updated_at': '2026-06-29T04:53:51Z'}, {'code': 'TARONG#3', 'code_display': 'TARONG#3', 'fueltech_id': 'coal_black', 'status_id': 'operating', 'capacity_registered': 350.0, 'capacity_maximum': 385.0, 'emissions_factor_co2': 0.8837, 'data_first_seen': '1998-12-07T02:40:00+10:00', 'data_last_seen': '2026-09-06T00:00:00+10:00', 'dispatch_type': 'GENERATOR', 'commencement_date': '1986-01-31T14:00:00+10:00', 'commencement_date_specificity': 'month', 'expected_closure_date': '2036-12-31T14:00:00+10:00', 'expected_closure_date_specificity': 'year', 'max_generation': 386.0, 'max_generation_interval': '2010-12-09T16:50:00', 'created_at': '2023-10-18T04:35:23Z', 'updated_at': '2026-06-29T04:53:31Z'}, {'code': 'TARONG#2', 'code_display': 'TARONG#2', 'fueltech_id': 'coal_black', 'status_id': 'operating', 'capacity_registered': 350.0, 'capacity_maximum': 385.0, 'emissions_factor_co2': 0.8837, 'data_first_seen': '1998-12-07T02:40:00+10:00', 'data_last_seen': '2026-09-06T00:00:00+10:00', 'dispatch_type': 'GENERATOR', 'commencement_date': '1985-04-30T14:00:00+10:00', 'commencement_date_specificity': 'month', 'expected_closure_date': '2035-12-31T14:00:00+10:00', 'expected_closure_date_specificity': 'year', 'max_generation': 387.0, 'max_generation_interval': '2010-05-06T17:45:00', 'created_at': '2023-10-18T04:35:23Z', 'updated_at': '2026-06-29T04:53:41Z'}]",-26.784086,151.914537,coal_black,54.82,5989.24
TARONGN,2025-10-01T00:00:00+10:00,19.504,278.5,Tarong North,QLD,"[{'code': 'TNPS1', 'code_display': 'TNPS1', 'fueltech_id': 'coal_black', 'status_id': 'operating', 'capacity_registered': 443.0, 'capacity_maximum': 480.0, 'emissions_factor_co2': 0.8438, 'data_first_seen': '2002-09-16T17:05:00+10:00', 'data_last_seen': '2026-09-06T00:00:00+10:00', 'dispatch_type': 'GENERATOR', 'commencement_date': '2002-11-08T14:00:00+10:00', 'commencement_date_specificity': 'day', 'expected_closure_date': '2036-12-31T14:00:00+10:00', 'expected_closure_date_specificity': 'year', 'max_generation': 484.3, 'max_generation_interval': '2003-05-02T08:15:00', 'created_at': '2023-10-18T04:35:23Z', 'updated_at': '2026-06-29T04:54:12Z'}]",-26.774391,151.914007,coal_black,54.82,5989.24
TARRALEA,2025-10-01T00:00:00+10:00,0,59.7,Tarraleah,TAS,"[{'code': 'TARRALEA', 'code_display': 'TARRALEA', 'fueltech_id': 'hydro', 'status_id': 'operating', 'capacity_registered': 90.0, 'capacity_maximum': 94.0, 'data_first_seen': '2005-05-16T13:35:00+10:00', 'data_last_seen': '2026-09-06T00:00:00+10:00', 'dispatch_type': 'GENERATOR', 'commencement_date': '1938-06-30T14:00:00+10:00', 'commencement_date_specificity': 'month', 'expected_closure_date': '2099-12-31T14:00:00+10:00', 'expected_closure_date_specificity': 'year', 'max_generation': 127.2, 'max_generation_interval': '2005-08-30T09:10:00', 'created_at': '2023-10-18T04:35:23Z', 'updated_at': '2026-06-29T04:54:34Z'}]",-42.301224,146.457294,hydro,0.12,898.71
TB2SF,2025-10-01T00:00:00+10:00,0,0.347,Tailem Bend 2,SA,"[{'code': 'TB2B1', 'code_display': 'TB2B1', 'fueltech_id': 'battery', 'status_id': 'operating', 'capacity_registered': 50.0, 'capacity_maximum': 41.0, 'capacity_storage': 84.0, 'data_first_seen': '2024-11-21T00:05:00+10:00', 'data_last_seen': '2026-09-06T00:00:00+10:00', 'dispatch_type': 'BIDIRECTIONAL', 'commencement_date': '2023-10-27T14:00:00+10:00', 'commencement_date_specificity': 'day', 'expected_closure_date': '2047-12-31T14:00:00+10:00', 'expected_closure_date_specificity': 'year', 'max_generation': 41.3285, 'max_generation_interval': '2026-02-12T07:45:00', 'created_at': '2024-12-01T22:34:42Z', 'updated_at': '2026-05-28T00:45:27Z'}, {'code': 'TB2BL1', 'code_display': '0TB2BL1', 'fueltech_id': 'battery_discharging', 'status_id': 'operating', 'capacity_registered': 50.0, 'capacity_maximum': 41.0, 'capacity_storage': 84.0, 'data_first_seen': '2023-02-28T00:05:00+10:00', 'data_last_seen': '2026-09-05T14:50:00+10:00', 'dispatch_type': 'GENERATOR', 'commencement_date': '2023-10-27T14:00:00+10:00', 'commencement_date_specificity': 'day', 'expected_closure_date': '2047-12-31T14:00:00+10:00', 'expected_closure_date_specificity': 'year', 'max_generation': 41.5, 'max_generation_interval': '2024-10-24T17:50:00', 'created_at': '2023-10-18T04:35:24Z', 'updated_at': '2026-06-30T00:27:48Z'}, {'code': 'TB2BG1', 'code_display': '0TB2BG1', 'fueltech_id': 'battery_charging', 'status_id': 'operating', 'capacity_registered': 50.0, 'capacity_maximum': 41.0, 'capacity_storage': 84.0, 'data_first_seen': '2023-02-28T00:05:00+10:00', 'data_last_seen': '2026-09-06T00:00:00+10:00', 'dispatch_type': 'LOAD', 'commencement_date': '2023-10-27T14:00:00+10:00', 'commencement_date_specificity': 'day', 'expected_closure_date': '2047-12-31T14:00:00+10:00', 'expected_closure_date_specificity': 'year', 'max_generation': 41.5, 'max_generation_interval': '2025-10-28T15:15:00', 'created_at': '2023-10-18T04:35:24Z', 'updated_at': '2026-06-30T00:27:59Z'}, {'code': 'TB2SF1', 'code_display': 'TB2SF1', 'fueltech_id': 'solar_utility', 'status_id': 'operating', 'capacity_registered': 105.0, 'capacity_maximum': 87.0, 'data_first_seen': '2023-02-28T00:05:00+10:00', 'data_last_seen': '2026-09-06T00:00:00+10:00', 'dispatch_type': 'GENERATOR', 'commencement_date': '2023-08-24T14:00:00+10:00', 'commencement_date_specificity': 'day', 'expected_closure_date': '2052-12-31T14:00:00+10:00', 'expected_closure_date_specificity': 'year', 'max_generation': 87.3688, 'max_generation_interval': '2024-01-05T14:40:00', 'created_at': '2023-10-18T04:35:24Z', 'updated_at': '2026-06-30T00:27:25Z'}]",-35.271346,139.488379,battery,8.11,1564.92
TEMPB,2025-10-01T00:00:00+10:00,0,2,Templers,SA,"[{'code': 'TEMPB1', 'code_display': 'TEMPB1', 'fueltech_id': 'battery', 'status_id': 'operating', 'capacity_registered': 138.0, 'capacity_maximum': 111.0, 'capacity_storage': 285.0, 'data_first_seen': '2025-05-20T00:05:00+10:00', 'data_last_seen': '2026-09-06T00:00:00+10:00', 'dispatch_type': 'BIDIRECTIONAL', 'commencement_date': '2025-05-19T14:00:00+10:00', 'commencement_date_specificity': 'day', 'expected_operation_date': '2025-07-31T14:00:00+10:00', 'expected_operation_date_specificity': 'month', 'expected_closure_date': '2048-12-31T14:00:00+10:00', 'expected_closure_date_specificity': 'year', 'max_generation': 111.1, 'max_generation_interval': '2026-03-20T09:10:00', 'created_at': '2024-12-02T02:55:33Z', 'updated_at': '2026-01-15T05:30:04Z'}, {'code': 'TEMPBL1', 'code_display': '0TEMPBL1', 'fueltech_id': 'battery_charging', 'status_id': 'operating', 'capacity_registered': 138.0, 'capacity_maximum': 111.0, 'capacity_storage': 285.0, 'data_first_seen': '2025-05-20T00:05:00+10:00', 'data_last_seen': '2026-09-06T00:00:00+10:00', 'dispatch_type': 'LOAD', 'commencement_date': '2025-05-19T14:00:00+10:00', 'commencement_date_specificity': 'day', 'expected_operation_date': '2025-07-31T14:00:00+10:00', 'expected_operation_date_specificity': 'month', 'expected_closure_date': '2048-12-31T14:00:00+10:00', 'expected_closure_date_specificity': 'year', 'max_generation': 112.1, 'max_generation_interval': '2025-11-30T12:00:00', 'created_at': '2025-04-07T00:00:41Z', 'updated_at': '2026-06-25T05:41:47Z'}, {'code': 'TEMPBG1', 'code_display': '0TEMPBG1', 'fueltech_id': 'battery_discharging', 'status_id': 'operating', 'capacity_registered': 138.0, 'capacity_maximum': 111.0, 'capacity_storage': 285.0, 'data_first_seen': '2025-05-20T08:35:00+10:00', 'data_last_seen': '2026-07-13T17:20:00+10:00', 'dispatch_type': 'GENERATOR', 'commencement_date': '2025-05-19T14:00:00+10:00', 'commencement_date_specificity': 'day', 'expected_operation_date': '2025-07-31T14:00:00+10:00', 'expected_operation_date_specificity': 'month', 'expected_closure_date': '2048-12-31T14:00:00+10:00', 'expected_closure_date_specificity': 'year', 'max_generation': 111.1, 'max_generation_interval': '2026-03-20T09:10:00', 'created_at': '2025-04-07T00:04:54Z', 'updated_at': '2026-06-25T05:41:36Z'}]",-34.461503,138.772925,battery,8.11,1564.92
TIB,2025-10-01T00:00:00+10:00,0,4.55,Torrens Island,SA,"[{'code': 'TIBG1', 'code_display': '0TIBG1', 'fueltech_id': 'battery_discharging', 'status_id': 'operating', 'capacity_registered': 250.0, 'capacity_maximum': 250.0, 'capacity_storage': 250.0, 'data_first_seen': '2023-04-26T00:05:00+10:00', 'data_last_seen': '2026-09-06T00:00:00+10:00', 'dispatch_type': 'GENERATOR', 'commencement_date': '2023-04-25T14:00:00+10:00', 'commencement_date_specificity': 'day', 'expected_closure_date': '2042-12-31T14:00:00+10:00', 'expected_closure_date_specificity': 'year', 'max_generation': 251.78, 'max_generation_interval': '2023-08-25T09:30:00', 'created_at': '2023-10-18T04:35:25Z', 'updated_at': '2026-08-10T06:41:14Z'}, {'code': 'TIBL1', 'code_display': '0TIBL1', 'fueltech_id': 'battery_charging', 'status_id': 'operating', 'capacity_registered': 250.0, 'capacity_maximum': 250.0, 'capacity_storage': 250.0, 'data_first_seen': '2023-04-26T00:05:00+10:00', 'data_last_seen': '2026-09-05T23:40:00+10:00', 'dispatch_type': 'LOAD', 'commencement_date': '2023-04-25T14:00:00+10:00', 'commencement_date_specificity': 'day', 'expected_closure_date': '2042-12-31T14:00:00+10:00', 'expected_closure_date_specificity': 'year', 'max_generation': 250.0, 'max_generation_interval': '2023-09-13T09:35:00', 'created_at': '2023-10-18T04:35:25Z', 'updated_at': '2026-08-10T06:41:18Z'}, {'code': 'TIB1', 'code_display': 'TIB1', 'fueltech_id': 'battery', 'status_id': 'operating', 'capacity_registered': 250.0, 'capacity_maximum': 250.0, 'capacity_storage': 250.0, 'data_first_seen': '2024-08-08T04:05:00+10:00', 'data_last_seen': '2026-09-06T00:00:00+10:00', 'dispatch_type': 'BIDIRECTIONAL', 'commencement_date': '2023-04-25T14:00:00+10:00', 'commencement_date_specificity': 'day', 'expected_closure_date': '2042-12-31T14:00:00+10:00', 'expected_closure_date_specificity': 'year', 'max_generation': 251.23, 'max_generation_interval': '2025-09-02T19:15:00', 'created_at': '2024-11-06T23:30:41Z', 'updated_at': '2026-08-10T06:41:22Z'}]",-34.802305,138.520262,battery_discharging,8.11,1564.92
TORRIS,2025-10-01T00:00:00+10:00,1.895,0,Torrens Island,SA,"[{'code': 'TORRB3', 'code_display': 'TORRB3', 'fueltech_id': 'gas_steam', 'status_id': 'operating', 'capacity_registered': 200.0, 'capacity_maximum': 210.0, 'emissions_factor_co2': 0.5758, 'data_first_seen': '1998-12-07T02:40:00+10:00', 'data_last_seen': '2026-09-06T00:00:00+10:00', 'dispatch_type': 'GENERATOR', 'commencement_date': '1975-12-31T14:00:00+10:00', 'commencement_date_specificity': 'year', 'closure_date_specificity': 'day', 'expected_closure_date': '2028-06-29T14:00:00+10:00', 'expected_closure_date_specificity': 'day', 'max_generation': 213.18, 'max_generation_interval': '2001-07-17T10:45:00', 'created_at': '2023-10-18T04:35:25Z', 'updated_at': '2026-06-04T03:57:34Z'}, {'code': 'TORRB2', 'code_display': 'TORRB2', 'fueltech_id': 'gas_steam', 'status_id': 'operating', 'capacity_registered': 200.0, 'capacity_maximum': 210.0, 'emissions_factor_co2': 0.5758, 'data_first_seen': '1998-12-07T02:40:00+10:00', 'data_last_seen': '2026-09-06T00:00:00+10:00', 'dispatch_type': 'GENERATOR', 'commencement_date': '1975-12-31T14:00:00+10:00', 'commencement_date_specificity': 'year', 'closure_date_specificity': 'day', 'expected_closure_date': '2028-06-29T14:00:00+10:00', 'expected_closure_date_specificity': 'day', 'max_generation': 215.95, 'max_generation_interval': '2003-06-09T20:25:00', 'created_at': '2023-10-18T04:35:25Z', 'updated_at': '2026-06-04T03:57:56Z'}, {'code': 'TORRB4', 'code_display': 'TORRB4', 'fueltech_id': 'gas_steam', 'status_id': 'operating', 'capacity_registered': 200.0, 'capacity_maximum': 210.0, 'emissions_factor_co2': 0.5758, 'data_first_seen': '1998-12-07T02:40:00+10:00', 'data_last_seen': '2026-09-06T00:00:00+10:00', 'dispatch_type': 'GENERATOR', 'commencement_date': '1975-12-31T14:00:00+10:00', 'commencement_date_specificity': 'year', 'closure_date_specificity': 'day', 'expected_closure_date': '2028-06-29T14:00:00+10:00', 'expected_closure_date_specificity': 'day', 'max_generation': 213.5153, 'max_generation_interval': '2009-12-22T10:20:00', 'created_at': '2023-10-18T04:35:25Z', 'updated_at': '2026-06-04T03:52:54Z'}, {'code': 'TORRA4', 'code_display': 'TORRA4', 'fueltech_id': 'gas_steam', 'status_id': 'retired', 'capacity_registered': 120.0, 'capacity_maximum': 120.0, 'emissions_factor_co2': 0.5758, 'data_first_seen': '1998-12-07T02:40:00+10:00', 'data_last_seen': '2020-09-30T00:00:00+10:00', 'dispatch_type': 'GENERATOR', 'commencement_date': '1966-12-31T14:00:00+10:00', 'commencement_date_specificity': 'year', 'closure_date': '2022-08-31T14:00:00+10:00', 'closure_date_specificity': 'month', 'expected_closure_date': '2022-08-31T14:00:00+10:00', 'expected_closure_date_specificity': 'month', 'max_generation': 128.65, 'max_generation_interval': '2002-06-11T17:55:00', 'created_at': '2023-10-18T04:35:25Z', 'updated_at': '2026-06-04T03:54:27Z'}, {'code': 'TORRA3', 'code_display': 'TORRA3', 'fueltech_id': 'gas_steam', 'status_id': 'retired', 'capacity_registered': 120.0, 'capacity_maximum': 120.0, 'emissions_factor_co2': 0.5758, 'data_first_seen': '1998-12-07T02:40:00+10:00', 'data_last_seen': '2022-09-30T00:00:00+10:00', 'dispatch_type': 'GENERATOR', 'commencement_date': '1966-12-31T14:00:00+10:00', 'commencement_date_specificity': 'year', 'closure_date': '2021-08-31T14:00:00+10:00', 'closure_date_specificity': 'month', 'expected_closure_date': '2021-08-31T14:00:00+10:00', 'expected_closure_date_specificity': 'month', 'max_generation': 129.44, 'max_generation_interval': '2001-11-02T13:40:00', 'created_at': '2023-10-18T04:35:25Z', 'updated_at': '2026-06-04T03:54:09Z'}, {'code': 'TORRB1', 'code_display': 'TORRB1', 'fueltech_id': 'gas_steam', 'status_id': 'operating', 'capacity_registered': 200.0, 'capacity_maximum': 210.0, 'emissions_factor_co2': 0.5758, 'data_first_seen': '1998-12-07T02:40:00+10:00', 'data_last_seen': '2026-07-01T00:00:00+10:00', 'dispatch_type': 'GENERATOR', 'commencement_date': '1975-12-31T14:00:00+10:00', 'commencement_date_specificity': 'year', 'closure_date_specificity': 'day', 'expected_closure_date': '2026-06-29T14:00:00+10:00', 'expected_closure_date_specificity': 'day', 'max_generation': 220.1, 'max_generation_interval': '2014-07-02T09:35:00', 'created_at': '2023-10-18T04:35:25Z', 'updated_at': '2026-06-04T03:57:12Z'}, {'code': 'TORRA1', 'code_display': 'TORRA1', 'fueltech_id': 'gas_steam', 'status_id': 'retired', 'capacity_registered': 120.0, 'capacity_maximum': 120.0, 'emissions_factor_co2': 0.5758, 'data_first_seen': '1998-12-07T02:40:00+10:00', 'data_last_seen': '2021-09-30T00:00:00+10:00', 'dispatch_type': 'GENERATOR', 'commencement_date': '1966-12-31T14:00:00+10:00', 'commencement_date_specificity': 'year', 'closure_date': '2020-08-31T14:00:00+10:00', 'closure_date_specificity': 'month', 'expected_closure_date': '2020-08-31T14:00:00+10:00', 'expected_closure_date_specificity': 'month', 'max_generation': 131.78, 'max_generation_interval': '1999-09-20T11:25:00', 'created_at': '2023-10-18T04:35:25Z', 'updated_at': '2026-06-04T03:53:18Z'}, {'code': 'TORRA2', 'code_display': 'TORRA2', 'fueltech_id': 'gas_steam', 'status_id': 'retired', 'capacity_registered': 120.0, 'capacity_maximum': 120.0, 'emissions_factor_co2': 0.5758, 'data_first_seen': '1998-12-07T02:40:00+10:00', 'data_last_seen': '2020-09-30T00:00:00+10:00', 'dispatch_type': 'GENERATOR', 'commencement_date': '1966-12-31T14:00:00+10:00', 'commencement_date_specificity': 'year', 'closure_date': '2020-08-31T14:00:00+10:00', 'closure_date_specificity': 'month', 'expected_closure_date': '2020-08-31T14:00:00+10:00', 'expected_closure_date_specificity': 'month', 'max_generation': 127.0597, 'max_generation_interval': '2012-07-02T12:40:00', 'created_at': '2023-10-18T04:35:25Z', 'updated_at': '2026-06-04T03:53:51Z'}]",-34.80651,138.523127,gas_steam,8.11,1564.92
TULLYSM,2025-10-01T00:00:00+10:00,0.015,9.9,Tully Sugar Mill,QLD,"[{'code': 'TULLYSM1', 'code_display': 'TULLYSM1', 'fueltech_id': 'bioenergy_biomass', 'status_id': 'operating', 'capacity_registered': 32.0, 'capacity_maximum': 10.0, 'emissions_factor_co2': 0.018, 'data_first_seen': '2024-08-27T00:05:00+10:00', 'data_last_seen': '2026-09-06T00:00:00+10:00', 'dispatch_type': 'GENERATOR', 'commencement_date': '1996-12-31T14:00:00+10:00', 'commencement_date_specificity': 'year', 'expected_closure_date': '2049-12-31T14:00:00+10:00', 'expected_closure_date_specificity': 'year', 'max_generation': 11.8, 'max_generation_interval': '2024-11-12T01:35:00', 'created_at': '2024-10-01T03:43:38Z', 'updated_at': '2026-07-16T03:57:19Z'}]",-17.937329,145.92739,bioenergy_biomass,54.82,5989.24
TUNGATIN,2025-10-01T00:00:00+10:00,0,80.25,Tungatinah,TAS,"[{'code': 'TUNGATIN', 'code_display': 'TUNGATIN', 'fueltech_id': 'hydro', 'status_id': 'operating', 'capacity_registered': 125.0, 'capacity_maximum': 142.0, 'data_first_seen': '2005-05-16T13:35:00+10:00', 'data_last_seen': '2026-09-06T00:00:00+10:00', 'dispatch_type': 'GENERATOR', 'commencement_date': '1954-12-31T14:00:00+10:00', 'commencement_date_specificity': 'year', 'expected_closure_date': '2099-12-31T14:00:00+10:00', 'expected_closure_date_specificity': 'year', 'max_generation': 144.58, 'max_generation_interval': '2018-07-13T18:35:00', 'created_at': '2023-10-18T04:35:26Z', 'updated_at': '2026-06-29T05:10:22Z'}]",-42.296802,146.456568,hydro,0.12,898.71
ULBESS,2025-10-01T00:00:00+10:00,0,0.6,Ulinda Park,QLD,"[{'code': 'ULPBESS1', 'code_display': 'ULPBESS1', 'fueltech_id': 'battery', 'status_id': 'operating', 'capacity_registered': 197.0, 'capacity_maximum': 155.0, 'capacity_storage': 300.0, 'data_first_seen': '2025-06-03T00:05:00+10:00', 'data_last_seen': '2026-09-06T00:00:00+10:00', 'dispatch_type': 'BIDIRECTIONAL', 'commencement_date': '2025-06-17T14:00:00+10:00', 'commencement_date_specificity': 'day', 'expected_operation_date': '2025-11-30T14:00:00+10:00', 'expected_operation_date_specificity': 'month', 'expected_closure_date': '2064-12-31T14:00:00+10:00', 'expected_closure_date_specificity': 'year', 'max_generation': 155.341, 'max_generation_interval': '2026-06-03T14:05:00', 'created_at': '2024-10-31T03:32:04Z', 'updated_at': '2026-04-10T03:05:01Z'}, {'code': 'ULPBESSL1', 'code_display': '0ULPBESSL1', 'fueltech_id': 'battery_charging', 'status_id': 'operating', 'capacity_registered': 197.0, 'capacity_maximum': 155.0, 'capacity_storage': 300.0, 'data_first_seen': '2025-06-17T09:45:00+10:00', 'data_last_seen': '2026-09-05T23:50:00+10:00', 'dispatch_type': 'LOAD', 'commencement_date': '2025-06-17T14:00:00+10:00', 'commencement_date_specificity': 'day', 'expected_operation_date': '2025-11-30T14:00:00+10:00', 'expected_operation_date_specificity': 'month', 'expected_closure_date': '2064-12-31T14:00:00+10:00', 'expected_closure_date_specificity': 'year', 'max_generation': 155.286, 'max_generation_interval': '2026-03-14T08:55:00', 'created_at': '2024-11-09T10:30:33Z', 'updated_at': '2026-06-26T01:07:01Z'}, {'code': 'ULPBESSG1', 'code_display': '0ULPBESSG1', 'fueltech_id': 'battery_discharging', 'status_id': 'operating', 'capacity_registered': 197.0, 'capacity_maximum': 155.0, 'capacity_storage': 300.0, 'data_first_seen': '2025-06-03T00:05:00+10:00', 'data_last_seen': '2026-09-06T00:00:00+10:00', 'dispatch_type': 'GENERATOR', 'commencement_date': '2025-06-17T14:00:00+10:00', 'commencement_date_specificity': 'day', 'expected_operation_date': '2025-11-30T14:00:00+10:00', 'expected_operation_date_specificity': 'month', 'expected_closure_date': '2064-12-31T14:00:00+10:00', 'expected_closure_date_specificity': 'year', 'max_generation': 155.341, 'max_generation_interval': '2026-06-03T14:05:00', 'created_at': '2024-11-09T10:30:53Z', 'updated_at': '2026-06-26T01:06:53Z'}]",-26.918598,150.745396,battery,54.82,5989.24
VP,2025-10-01T00:00:00+10:00,49.148,0,Vales Point B,NSW,"[{'code': 'VP6', 'code_display': 'VP6', 'fueltech_id': 'coal_black', 'status_id': 'operating', 'capacity_registered': 660.0, 'capacity_maximum': 680.0, 'emissions_factor_co2': 0.9877, 'data_first_seen': '1998-12-07T02:40:00+10:00', 'data_last_seen': '2026-09-06T00:00:00+10:00', 'dispatch_type': 'GENERATOR', 'commencement_date': '1978-12-31T14:00:00+10:00', 'commencement_date_specificity': 'year', 'expected_closure_date': '2032-12-31T14:00:00+10:00', 'expected_closure_date_specificity': 'year', 'max_generation': 710.75, 'max_generation_interval': '2021-03-31T19:40:00', 'created_at': '2023-10-18T04:35:26Z', 'updated_at': '2026-06-29T05:12:13Z'}, {'code': 'VP5', 'code_display': 'VP5', 'fueltech_id': 'coal_black', 'status_id': 'operating', 'capacity_registered': 660.0, 'capacity_maximum': 680.0, 'emissions_factor_co2': 0.9877, 'data_first_seen': '1998-12-07T02:40:00+10:00', 'data_last_seen': '2026-09-06T00:00:00+10:00', 'dispatch_type': 'GENERATOR', 'commencement_date': '1977-12-31T14:00:00+10:00', 'commencement_date_specificity': 'year', 'expected_closure_date': '2032-12-31T14:00:00+10:00', 'expected_closure_date_specificity': 'year', 'max_generation': 690.22, 'max_generation_interval': '2009-05-17T00:00:00', 'created_at': '2023-10-18T04:35:26Z', 'updated_at': '2026-06-29T05:12:24Z'}]",-33.16078,151.543985,coal_black,56.98,7105.57
WALGRV,2025-10-01T00:00:00+10:00,0,0.209,Wallgrove,NSW,"[{'code': 'WALGRV1', 'code_display': 'WALGRV1', 'fueltech_id': 'battery', 'status_id': 'operating', 'capacity_registered': 50.0, 'capacity_maximum': 50.0, 'capacity_storage': 78.0, 'data_first_seen': '2024-09-26T00:05:00+10:00', 'data_last_seen': '2026-09-06T00:00:00+10:00', 'dispatch_type': 'BIDIRECTIONAL', 'commencement_date': '2021-10-28T14:00:00+10:00', 'commencement_date_specificity': 'day', 'expected_closure_date': '2035-12-31T14:00:00+10:00', 'expected_closure_date_specificity': 'year', 'max_generation': 51.0293, 'max_generation_interval': '2025-07-02T17:50:00', 'created_at': '2024-10-13T04:17:42Z', 'updated_at': '2026-05-27T05:31:33Z'}, {'code': 'WALGRVG1', 'code_display': '0WALGRVG1', 'fueltech_id': 'battery_discharging', 'status_id': 'operating', 'capacity_registered': 50.0, 'capacity_maximum': 50.0, 'capacity_storage': 78.0, 'data_first_seen': '2021-10-26T00:05:00+10:00', 'data_last_seen': '2026-09-05T23:55:00+10:00', 'dispatch_type': 'GENERATOR', 'commencement_date': '2021-10-28T14:00:00+10:00', 'commencement_date_specificity': 'day', 'closure_date_specificity': 'day', 'expected_closure_date': '2035-12-31T14:00:00+10:00', 'expected_closure_date_specificity': 'year', 'max_generation': 61.0, 'max_generation_interval': '2021-11-09T11:25:00', 'created_at': '2023-10-18T04:35:27Z', 'updated_at': '2026-06-29T06:12:46Z'}, {'code': 'WALGRVL1', 'code_display': '0WALGRVL1', 'fueltech_id': 'battery_charging', 'status_id': 'operating', 'capacity_registered': 50.0, 'capacity_maximum': 50.0, 'capacity_storage': 78.0, 'data_first_seen': '2021-10-26T00:05:00+10:00', 'data_last_seen': '2026-09-06T00:00:00+10:00', 'dispatch_type': 'LOAD', 'commencement_date': '2021-10-28T14:00:00+10:00', 'commencement_date_specificity': 'day', 'closure_date_specificity': 'day', 'expected_closure_date': '2035-12-31T14:00:00+10:00', 'expected_closure_date_specificity': 'year', 'max_generation': 48.5124, 'max_generation_interval': '2022-10-02T13:25:00', 'created_at': '2023-10-18T04:35:27Z', 'updated_at': '2026-06-29T06:12:52Z'}]",-33.813917,150.830827,battery,56.98,7105.57
WAMBOWF,2025-10-01T00:00:00+10:00,0,65.23,Wambo,QLD,"[{'code': 'WAMBOWF1', 'code_display': 'WAMBOWF1', 'fueltech_id': 'wind', 'status_id': 'operating', 'capacity_registered': 252.0, 'capacity_maximum': 245.0, 'data_first_seen': '2025-06-17T00:05:00+10:00', 'data_last_seen': '2026-09-06T00:00:00+10:00', 'dispatch_type': 'GENERATOR', 'commencement_date': '2025-06-20T14:00:00+10:00', 'commencement_date_specificity': 'day', 'expected_operation_date': '2025-01-31T14:00:00+10:00', 'expected_operation_date_specificity': 'month', 'expected_closure_date': '2054-12-31T14:00:00+10:00', 'expected_closure_date_specificity': 'year', 'max_generation': 245.398, 'max_generation_interval': '2026-06-10T00:10:00', 'created_at': '2024-12-02T04:07:05Z', 'updated_at': '2026-08-10T06:30:02Z'}, {'code': 'WAMBOWF2', 'code_display': 'WAMBOWF2', 'fueltech_id': 'wind', 'status_id': 'commissioning', 'capacity_registered': 254.0, 'capacity_maximum': 247.0, 'data_first_seen': '2026-04-28T00:05:00+10:00', 'data_last_seen': '2026-09-06T00:00:00+10:00', 'dispatch_type': 'GENERATOR', 'commencement_date': '2026-04-27T14:00:00+10:00', 'commencement_date_specificity': 'day', 'expected_operation_date': '2025-12-31T14:00:00+10:00', 'expected_operation_date_specificity': 'year', 'max_generation': 95.665, 'max_generation_interval': '2026-08-30T23:50:00', 'created_at': '2025-03-05T01:00:32Z', 'updated_at': '2026-08-10T06:30:06Z'}]",-26.612935,151.262523,wind,54.82,5989.24
WANDBG,2025-10-01T00:00:00+10:00,0,2.246,Wandoan South,QLD,"[{'code': 'WANDB1', 'code_display': 'WANDB1', 'fueltech_id': 'battery', 'status_id': 'operating', 'capacity_registered': 123.0, 'capacity_maximum': 100.0, 'capacity_storage': 150.0, 'data_first_seen': '2024-08-08T04:05:00+10:00', 'data_last_seen': '2026-09-06T00:00:00+10:00', 'dispatch_type': 'BIDIRECTIONAL', 'commencement_date': '2021-09-08T14:00:00+10:00', 'commencement_date_specificity': 'day', 'closure_date_specificity': 'year', 'expected_closure_date': '2050-12-31T14:00:00+10:00', 'expected_closure_date_specificity': 'year', 'max_generation': 100.4452, 'max_generation_interval': '2026-04-28T12:50:00', 'created_at': '2024-09-12T23:35:43Z', 'updated_at': '2026-04-01T05:13:37Z'}, {'code': 'WANDBL1', 'code_display': '0WANDBL1', 'fueltech_id': 'battery_charging', 'status_id': 'operating', 'capacity_registered': 123.0, 'capacity_maximum': 100.0, 'capacity_storage': 150.0, 'data_first_seen': '2021-07-06T00:05:00+10:00', 'data_last_seen': '2026-09-06T00:00:00+10:00', 'dispatch_type': 'LOAD', 'commencement_date': '2021-09-08T14:00:00+10:00', 'commencement_date_specificity': 'day', 'closure_date_specificity': 'day', 'expected_closure_date': '2050-12-31T14:00:00+10:00', 'expected_closure_date_specificity': 'year', 'max_generation': 100.2093, 'max_generation_interval': '2022-05-06T11:25:00', 'created_at': '2023-10-18T04:35:27Z', 'updated_at': '2026-06-29T06:05:30Z'}, {'code': 'WANDBG1', 'code_display': '0WANDBG1', 'fueltech_id': 'battery_discharging', 'status_id': 'operating', 'capacity_registered': 123.0, 'capacity_maximum': 100.0, 'capacity_storage': 150.0, 'data_first_seen': '2021-07-06T00:05:00+10:00', 'data_last_seen': '2026-09-05T23:35:00+10:00', 'dispatch_type': 'GENERATOR', 'commencement_date': '2021-09-08T14:00:00+10:00', 'commencement_date_specificity': 'day', 'closure_date_specificity': 'day', 'expected_closure_date': '2050-12-31T14:00:00+10:00', 'expected_closure_date_specificity': 'year', 'max_generation': 100.4452, 'max_generation_interval': '2026-04-28T12:50:00', 'created_at': '2023-10-18T04:35:27Z', 'updated_at': '2026-06-29T06:05:47Z'}]",-26.261526,149.765738,battery,54.82,5989.24
WATERLWF,2025-10-01T00:00:00+10:00,0,103.5,Waterloo,SA,"[{'code': 'WATERLWF', 'code_display': 'WATERLWF', 'fueltech_id': 'wind', 'status_id': 'operating', 'capacity_registered': 130.8, 'capacity_maximum': 130.0, 'data_first_seen': '2010-08-20T00:05:00+10:00', 'data_last_seen': '2026-09-06T00:00:00+10:00', 'dispatch_type': 'GENERATOR', 'commencement_date': '2010-08-19T14:00:00+10:00', 'commencement_date_specificity': 'day', 'expected_closure_date': '2050-12-31T14:00:00+10:00', 'expected_closure_date_specificity': 'year', 'max_generation': 135.0, 'max_generation_interval': '2024-04-22T16:40:00', 'created_at': '2023-10-18T04:35:27Z', 'updated_at': '2026-06-29T05:13:35Z'}]",-34.001298,138.91088,wind,8.11,1564.92
WAUBRAWF,2025-10-01T00:00:00+10:00,0,53.472,Waubra,VIC,"[{'code': 'WAUBRAWF', 'code_display': 'WAUBRAWF', 'fueltech_id': 'wind', 'status_id': 'operating', 'capacity_registered': 192.0, 'capacity_maximum': 192.0, 'data_first_seen': '2009-07-01T00:05:00+10:00', 'data_last_seen': '2026-09-06T00:00:00+10:00', 'dispatch_type': 'GENERATOR', 'commencement_date': '2009-06-30T14:00:00+10:00', 'commencement_date_specificity': 'month', 'expected_closure_date': '2033-12-31T14:00:00+10:00', 'expected_closure_date_specificity': 'year', 'max_generation': 187.689, 'max_generation_interval': '2025-07-25T15:30:00', 'created_at': '2023-10-18T04:35:27Z', 'updated_at': '2026-06-29T05:13:51Z'}]",-37.357446,143.603659,wind,8.95,4893.49
WDBESS,2025-10-01T00:00:00+10:00,0,0.243,Western Downs,QLD,"[{'code': 'WDBESSL1', 'code_display': '0WDBESSL1', 'fueltech_id': 'battery_charging', 'status_id': 'operating', 'capacity_registered': 272.48, 'capacity_maximum': 255.0, 'capacity_storage': 510.0, 'data_first_seen': '2024-05-28T00:05:00+10:00', 'data_last_seen': '2026-09-05T23:45:00+10:00', 'dispatch_type': 'LOAD', 'commencement_date': '2024-06-30T14:00:00+10:00', 'commencement_date_specificity': 'day', 'expected_closure_date': '2047-12-31T14:00:00+10:00', 'expected_closure_date_specificity': 'year', 'max_generation': 256.6427, 'max_generation_interval': '2025-07-16T01:45:00', 'created_at': '2024-10-01T04:45:12Z', 'updated_at': '2026-08-10T06:13:08Z'}, {'code': 'WDBESSG1', 'code_display': '0WDBESSG1', 'fueltech_id': 'battery_discharging', 'status_id': 'operating', 'capacity_registered': 272.48, 'capacity_maximum': 255.0, 'capacity_storage': 510.0, 'data_first_seen': '2024-05-28T00:05:00+10:00', 'data_last_seen': '2026-09-06T00:00:00+10:00', 'dispatch_type': 'GENERATOR', 'commencement_date': '2024-06-30T14:00:00+10:00', 'commencement_date_specificity': 'day', 'expected_closure_date': '2047-12-31T14:00:00+10:00', 'expected_closure_date_specificity': 'year', 'max_generation': 256.5712, 'max_generation_interval': '2025-07-24T17:50:00', 'created_at': '2024-10-01T04:43:55Z', 'updated_at': '2026-08-10T06:13:02Z'}, {'code': 'WDBESS1', 'code_display': 'WDBESS1', 'fueltech_id': 'battery', 'status_id': 'operating', 'capacity_registered': 272.48, 'capacity_maximum': 255.0, 'capacity_storage': 510.0, 'data_first_seen': '2024-11-14T00:05:00+10:00', 'data_last_seen': '2026-09-06T00:00:00+10:00', 'dispatch_type': 'BIDIRECTIONAL', 'commencement_date': '2024-06-30T14:00:00+10:00', 'commencement_date_specificity': 'day', 'expected_closure_date': '2047-12-31T14:00:00+10:00', 'expected_closure_date_specificity': 'year', 'max_generation': 256.5712, 'max_generation_interval': '2025-07-24T17:50:00', 'created_at': '2024-10-10T05:10:20Z', 'updated_at': '2026-08-10T06:13:13Z'}]",-26.952278,150.690528,battery_charging,54.82,5989.24
WDBESS2,2025-10-01T00:00:00+10:00,0,0.254,Western Downs 2,QLD,"[{'code': 'WDBESSL2', 'code_display': '0WDBESSL2', 'fueltech_id': 'battery_charging', 'status_id': 'operating', 'capacity_registered': 269.8, 'capacity_maximum': 255.0, 'capacity_storage': 510.0, 'data_first_seen': '2025-09-08T00:05:00+10:00', 'data_last_seen': '2026-09-05T23:45:00+10:00', 'dispatch_type': 'LOAD', 'commencement_date': '2025-09-07T14:00:00+10:00', 'commencement_date_specificity': 'day', 'expected_operation_date': '2025-12-31T14:00:00+10:00', 'expected_operation_date_specificity': 'year', 'expected_closure_date': '2047-12-31T14:00:00+10:00', 'expected_closure_date_specificity': 'year', 'max_generation': 256.8058, 'max_generation_interval': '2025-10-28T12:55:00', 'created_at': '2025-03-27T23:06:52Z', 'updated_at': '2026-08-10T06:14:02Z'}, {'code': 'WDBESSG2', 'code_display': '0WDBESSG2', 'fueltech_id': 'battery_discharging', 'status_id': 'operating', 'capacity_registered': 269.8, 'capacity_maximum': 255.0, 'capacity_storage': 510.0, 'data_first_seen': '2025-09-12T18:15:00+10:00', 'data_last_seen': '2026-09-06T00:00:00+10:00', 'dispatch_type': 'GENERATOR', 'commencement_date': '2025-09-07T14:00:00+10:00', 'commencement_date_specificity': 'day', 'expected_operation_date': '2025-12-31T14:00:00+10:00', 'expected_operation_date_specificity': 'year', 'expected_closure_date': '2047-12-31T14:00:00+10:00', 'expected_closure_date_specificity': 'year', 'max_generation': 256.39, 'max_generation_interval': '2025-10-23T19:20:00', 'created_at': '2025-03-27T23:04:15Z', 'updated_at': '2026-08-10T06:13:57Z'}, {'code': 'WDBESS2', 'code_display': 'WDBESS2', 'fueltech_id': 'battery', 'status_id': 'operating', 'capacity_registered': 269.8, 'capacity_maximum': 255.0, 'capacity_storage': 510.0, 'data_first_seen': '2025-09-08T00:05:00+10:00', 'data_last_seen': '2026-09-06T00:00:00+10:00', 'dispatch_type': 'BIDIRECTIONAL', 'commencement_date': '2025-09-07T14:00:00+10:00', 'commencement_date_specificity': 'day', 'expected_operation_date': '2025-12-31T14:00:00+10:00', 'expected_operation_date_specificity': 'year', 'expected_closure_date': '2047-12-31T14:00:00+10:00', 'expected_closure_date_specificity': 'year', 'max_generation': 256.7227, 'max_generation_interval': '2026-02-07T18:35:00', 'created_at': '2025-03-27T22:48:32Z', 'updated_at': '2026-08-10T06:13:51Z'}]",-26.952139,150.690787,battery_charging,54.82,5989.24
WGWF,2025-10-01T00:00:00+10:00,0,106.9,Willogoleche,SA,"[{'code': 'WGWF1', 'code_display': 'WGWF1', 'fueltech_id': 'wind', 'status_id': 'operating', 'capacity_registered': 119.0, 'capacity_maximum': 119.0, 'data_first_seen': '2018-07-24T00:05:00+10:00', 'data_last_seen': '2026-09-06T00:00:00+10:00', 'dispatch_type': 'GENERATOR', 'commencement_date': '2018-08-29T14:00:00+10:00', 'commencement_date_specificity': 'day', 'expected_closure_date': '2042-12-31T14:00:00+10:00', 'expected_closure_date_specificity': 'year', 'max_generation': 122.4, 'max_generation_interval': '2026-06-02T11:00:00', 'created_at': '2023-10-18T04:35:29Z', 'updated_at': '2026-06-29T05:15:12Z'}]",-33.413128,138.845663,wind,8.11,1564.92
WKIEWA,2025-10-01T00:00:00+10:00,0,16,West Kiewa,VIC,"[{'code': 'WKIEWA1', 'code_display': 'WKIEWA1', 'fueltech_id': 'hydro', 'status_id': 'operating', 'capacity_registered': 31.0, 'capacity_maximum': 34.0, 'data_first_seen': '1998-12-07T06:35:00+10:00', 'data_last_seen': '2026-09-06T00:00:00+10:00', 'dispatch_type': 'GENERATOR', 'commencement_date': '1954-12-31T14:00:00+10:00', 'commencement_date_specificity': 'year', 'expected_closure_date': '2056-12-31T14:00:00+10:00', 'expected_closure_date_specificity': 'year', 'max_generation': 62.6, 'max_generation_interval': '2026-07-11T19:05:00', 'created_at': '2023-10-18T04:35:31Z', 'updated_at': '2026-06-29T05:17:27Z'}, {'code': 'WKIEWA2', 'code_display': 'WKIEWA2', 'fueltech_id': 'hydro', 'status_id': 'operating', 'capacity_registered': 31.0, 'capacity_maximum': 34.0, 'data_first_seen': '1998-12-07T06:35:00+10:00', 'data_last_seen': '2026-06-30T00:00:00+10:00', 'dispatch_type': 'GENERATOR', 'commencement_date': '1954-12-31T14:00:00+10:00', 'commencement_date_specificity': 'year', 'expected_closure_date': '2056-12-31T14:00:00+10:00', 'expected_closure_date_specificity': 'year', 'max_generation': 57.45, 'max_generation_interval': '1999-01-07T21:55:00', 'created_at': '2023-10-18T04:35:31Z', 'updated_at': '2026-06-29T05:17:56Z'}]",-36.759974,147.185812,hydro,8.95,4893.49
WOODLWN,2025-10-01T00:00:00+10:00,0,13.997,Woodlawn,NSW,"[{'code': 'WOODLWN1', 'code_display': 'WOODLWN1', 'fueltech_id': 'wind', 'status_id': 'operating', 'capacity_registered': 48.3, 'capacity_maximum': 48.0, 'data_first_seen': '2011-05-03T00:05:00+10:00', 'data_last_seen': '2026-09-06T00:00:00+10:00', 'dispatch_type': 'GENERATOR', 'commencement_date': '2011-05-31T14:00:00+10:00', 'commencement_date_specificity': 'day', 'expected_closure_date': '2040-12-31T14:00:00+10:00', 'expected_closure_date_specificity': 'year', 'max_generation': 53.1584, 'max_generation_interval': '2019-05-07T11:20:00', 'created_at': '2023-10-18T04:35:31Z', 'updated_at': '2026-06-29T05:18:56Z'}]",-35.091982,149.572021,wind,56.98,7105.57
WOOLNTH1,2025-10-01T00:00:00+10:00,0,25.97,Woolnorth,TAS,"[{'code': 'WOOLNTH1', 'code_display': 'WOOLNTH1', 'fueltech_id': 'wind', 'status_id': 'operating', 'capacity_registered': 140.0, 'capacity_maximum': 140.0, 'data_first_seen': '2009-07-01T00:05:00+10:00', 'data_last_seen': '2026-09-06T00:00:00+10:00', 'dispatch_type': 'GENERATOR', 'commencement_date': '2001-12-31T14:00:00+10:00', 'commencement_date_specificity': 'year', 'expected_closure_date': '2049-12-31T14:00:00+10:00', 'expected_closure_date_specificity': 'year', 'max_generation': 240.44, 'max_generation_interval': '2013-07-02T08:00:00', 'created_at': '2023-10-18T04:35:31Z', 'updated_at': '2026-06-29T05:19:18Z'}]",-40.786606,144.738536,wind,0.12,898.71
WPWF,2025-10-01T00:00:00+10:00,0,44.05,Wattle Point,SA,"[{'code': 'WPWF', 'code_display': 'WPWF', 'fueltech_id': 'wind', 'status_id': 'operating', 'capacity_registered': 91.0, 'capacity_maximum': 91.0, 'data_first_seen': '2009-07-01T00:05:00+10:00', 'data_last_seen': '2026-09-06T00:00:00+10:00', 'dispatch_type': 'GENERATOR', 'commencement_date': '2005-03-31T14:00:00+10:00', 'commencement_date_specificity': 'month', 'expected_closure_date': '2030-12-31T14:00:00+10:00', 'expected_closure_date_specificity': 'year', 'max_generation': 133.12, 'max_generation_interval': '2010-03-04T16:00:00', 'created_at': '2023-10-18T04:35:31Z', 'updated_at': '2026-06-29T05:19:36Z'}]",-35.110379,137.705789,wind,8.11,1564.92
WRWF1,2025-10-01T00:00:00+10:00,0,36.902,White Rock Wind Farm,NSW,"[{'code': 'WRWF1', 'code_display': 'WRWF1', 'fueltech_id': 'wind', 'status_id': 'operating', 'capacity_registered': 175.0, 'capacity_maximum': 172.0, 'data_first_seen': '2017-07-06T00:05:00+10:00', 'data_last_seen': '2026-09-06T00:00:00+10:00', 'dispatch_type': 'GENERATOR', 'commencement_date': '2017-07-07T14:00:00+10:00', 'commencement_date_specificity': 'day', 'expected_closure_date': '2037-12-31T14:00:00+10:00', 'expected_closure_date_specificity': 'year', 'max_generation': 172.35, 'max_generation_interval': '2018-10-14T21:20:00', 'created_at': '2023-10-18T04:35:29Z', 'updated_at': '2026-06-29T05:28:29Z'}]",-29.7718,151.5755,wind,56.98,7105.57
YALLOURN,2025-10-01T00:00:00+10:00,27.081,250.75,Yallourn W,VIC,"[{'code': 'YWPS4', 'code_display': 'YWPS4', 'fueltech_id': 'coal_brown', 'status_id': 'operating', 'capacity_registered': 380.0, 'capacity_maximum': 405.0, 'emissions_factor_co2': 1.35, 'data_first_seen': '1998-12-07T02:40:00+10:00', 'data_last_seen': '2026-09-06T00:00:00+10:00', 'dispatch_type': 'GENERATOR', 'commencement_date': '1981-12-31T14:00:00+10:00', 'commencement_date_specificity': 'year', 'expected_closure_date': '2028-06-30T14:00:00+10:00', 'expected_closure_date_specificity': 'day', 'max_generation': 416.1266, 'max_generation_interval': '2020-06-30T10:25:00', 'created_at': '2023-10-18T04:35:33Z', 'updated_at': '2026-06-30T04:41:36Z'}, {'code': 'YWPS2', 'code_display': 'YWPS2', 'fueltech_id': 'coal_brown', 'status_id': 'operating', 'capacity_registered': 360.0, 'capacity_maximum': 395.0, 'emissions_factor_co2': 1.35, 'data_first_seen': '1998-12-07T02:40:00+10:00', 'data_last_seen': '2026-09-06T00:00:00+10:00', 'dispatch_type': 'GENERATOR', 'commencement_date': '1974-12-31T14:00:00+10:00', 'commencement_date_specificity': 'year', 'expected_closure_date': '2028-06-30T14:00:00+10:00', 'expected_closure_date_specificity': 'day', 'max_generation': 396.9924, 'max_generation_interval': '2019-06-29T11:05:00', 'created_at': '2023-10-18T04:35:33Z', 'updated_at': '2026-06-30T04:41:17Z'}, {'code': 'YWPS1', 'code_display': 'YWPS1', 'fueltech_id': 'coal_brown', 'status_id': 'operating', 'capacity_registered': 360.0, 'capacity_maximum': 395.0, 'emissions_factor_co2': 1.35, 'data_first_seen': '1998-12-07T02:40:00+10:00', 'data_last_seen': '2026-09-06T00:00:00+10:00', 'dispatch_type': 'GENERATOR', 'commencement_date': '1972-12-31T14:00:00+10:00', 'commencement_date_specificity': 'year', 'expected_closure_date': '2028-06-30T14:00:00+10:00', 'expected_closure_date_specificity': 'day', 'max_generation': 400.0, 'max_generation_interval': '2021-02-10T21:50:00', 'created_at': '2023-10-18T04:35:33Z', 'updated_at': '2026-06-30T04:41:07Z'}, {'code': 'YWPS3', 'code_display': 'YWPS3', 'fueltech_id': 'coal_brown', 'status_id': 'operating', 'capacity_registered': 380.0, 'capacity_maximum': 405.0, 'emissions_factor_co2': 1.35, 'data_first_seen': '1998-12-07T02:40:00+10:00', 'data_last_seen': '2026-09-06T00:00:00+10:00', 'dispatch_type': 'GENERATOR', 'commencement_date': '1980-12-31T14:00:00+10:00', 'commencement_date_specificity': 'year', 'expected_closure_date': '2028-06-30T14:00:00+10:00', 'expected_closure_date_specificity': 'day', 'max_generation': 420.0785, 'max_generation_interval': '2015-05-02T23:15:00', 'created_at': '2023-10-18T04:35:33Z', 'updated_at': '2026-06-30T04:41:28Z'}]",-38.177589,146.342556,coal_brown,8.95,4893.49
YAMBUK,2025-10-01T00:00:00+10:00,0,4.9,Yambuk,VIC,"[{'code': 'YAMBUKWF', 'code_display': 'YAMBUKWF', 'fueltech_id': 'wind', 'status_id': 'operating', 'capacity_registered': 30.0, 'capacity_maximum': 30.0, 'data_first_seen': '2009-07-01T00:05:00+10:00', 'data_last_seen': '2026-09-06T00:00:00+10:00', 'dispatch_type': 'GENERATOR', 'commencement_date': '2004-12-31T14:00:00+10:00', 'commencement_date_specificity': 'year', 'expected_closure_date': '2030-12-31T14:00:00+10:00', 'expected_closure_date_specificity': 'year', 'max_generation': 37.9539, 'max_generation_interval': '2019-06-28T08:35:00', 'created_at': '2023-10-18T04:35:33Z', 'updated_at': '2026-06-29T05:22:55Z'}]",-38.310953,142.014788,wind,8.95,4893.49
YARWUN,2025-10-01T00:00:00+10:00,4.326,85.01,Yarwun,QLD,"[{'code': 'YARWUN_1', 'code_display': 'YARWUN_1', 'fueltech_id': 'gas_ccgt', 'status_id': 'operating', 'capacity_registered': 154.0, 'capacity_maximum': 180.0, 'emissions_factor_co2': 0.6132, 'data_first_seen': '2010-06-30T00:05:00+10:00', 'data_last_seen': '2026-09-06T00:00:00+10:00', 'dispatch_type': 'GENERATOR', 'commencement_date': '2010-07-07T14:00:00+10:00', 'commencement_date_specificity': 'day', 'expected_closure_date': '2049-12-31T14:00:00+10:00', 'expected_closure_date_specificity': 'year', 'max_generation': 180.0, 'max_generation_interval': '2025-07-15T03:05:00', 'created_at': '2023-10-18T04:35:33Z', 'updated_at': '2026-06-29T05:23:43Z'}]",-23.8309,151.151136,gas_ccgt,54.82,5989.24
YENDONWF,2025-10-01T00:00:00+10:00,0,94.95,Yendon,VIC,"[{'code': 'YENDWF1', 'code_display': 'YENDWF1', 'fueltech_id': 'wind', 'status_id': 'operating', 'capacity_registered': 144.4, 'capacity_maximum': 142.0, 'data_first_seen': '2019-06-19T00:05:00+10:00', 'data_last_seen': '2026-09-06T00:00:00+10:00', 'dispatch_type': 'GENERATOR', 'commencement_date': '2019-06-18T14:00:00+10:00', 'commencement_date_specificity': 'day', 'expected_closure_date': '2048-12-31T14:00:00+10:00', 'expected_closure_date_specificity': 'year', 'max_generation': 143.04, 'max_generation_interval': '2025-06-24T09:25:00', 'created_at': '2023-10-18T04:35:33Z', 'updated_at': '2026-06-29T05:24:20Z'}]",-37.630407,144.023136,wind,8.95,4893.49
YSWF,2025-10-01T00:00:00+10:00,0,20.2,Yaloak South,VIC,"[{'code': 'YSWF1', 'code_display': 'YSWF1', 'fueltech_id': 'wind', 'status_id': 'operating', 'capacity_registered': 28.7, 'capacity_maximum': 28.0, 'data_first_seen': '2017-11-22T00:05:00+10:00', 'data_last_seen': '2026-09-06T00:00:00+10:00', 'dispatch_type': 'GENERATOR', 'commencement_date': '2017-12-19T14:00:00+10:00', 'commencement_date_specificity': 'day', 'expected_closure_date': '2046-12-31T14:00:00+10:00', 'expected_closure_date_specificity': 'year', 'max_generation': 29.2, 'max_generation_interval': '2021-09-11T03:30:00', 'created_at': '2023-10-18T04:35:33Z', 'updated_at': '2026-06-29T05:24:38Z'}]",-37.726107,144.255041,wind,8.95,4893.49